27.02.2014 07:00;3.3;685.8;89;0.0;0;50;15.0;0;0;12.3;
28.02.2014 07:00;0.0;685.6;88;0.0;0;60;15.0;0;0;11.8;
01.03.2014 07:00;3.5;677.6;89;0.0;0;90;10.0;5.0;0;11.6;
02.03.2014 07:00;7.5;669.1;94;0.0;0;100;8.0;11.0;0;8.4;
03.03.2014 07:00;9.4;674.0;90;2.0;5;90;8.0;5.0;0;14.7;
04.03.2014 07:00;5.2;674.3;69;6.0;10;25;10.0;3.0;0;8.6;
05.03.2014 07:00;4.6;676.4;80;0.0;0;90;10.0;0.3;0;11.2;
06.03.2014 07:00;4.6;681.4;83;0.0;0;75;10.0;8.0;0;8.4;
07.03.2014 07:00;0.8;682.9;97;0.0;0;90;10.0;3.0;0;8.2;
08.03.2014 07:00;0.6;686.0;90;0.0;0;0;15.0;0.3;0;13.5;
09.03.2014 07:00;-0.3;683.6;80;0.0;0;0;10.0;0;0;12.9;
10.03.2014 07:00;1.2;682.8;94;0.0;0;0;8.0;0;0;12.6;
11.03.2014 07:00;1.6;681.1;97;0.0;0;25;10.0;0;0;9.3;
12.03.2014 07:00;1.2;683.5;98;8.0;3;0;6.0;0;0;13.3;
13.03.2014 07:00;6.0;681.7;86;1.0;2;60;10.0;2.0;0;7.4;
14.03.2014 07:00;7.0;680.0;95;0.0;0;100;8.0;6.0;0;10.2;
15.03.2014 07:00;7.0;682.2;95;2.0;5;90;8.0;2.0;0;9.1;
16.03.2014 07:00;2.3;684.4;97;0.0;0;0;8.0;0.6;0;12.9;
17.03.2014 07:00;2.8;685.3;93;0.0;0;40;10.0;0;0;16.4;
18.03.2014 07:00;5.9;684.8;83;0.0;0;0;8.0;0;0;18.5;
19.03.2014 07:00;6.7;684.8;79;2.6;3;10;15.0;0;0;18.6;
20.03.2014 07:00;6.4;682.9;94;4.5;2;25;8.0;0.1;0;17.4;
21.03.2014 07:00;6.4;682.8;99;0.0;0;25;0.2;0;0;16.6;
22.03.2014 07:00;5.1;681.9;97;0.0;0;0;8.0;0;0;18.4;
23.03.2014 07:00;9.4;679.8;72;0.0;0;60;10.0;0;0;14.9;
24.03.2014 07:00;0.6;683.5;71;0.0;0;10;20.0;0;0;13.6;
25.03.2014 07:00;9.4;680.5;66;2.0;4;75;10.0;0;0;13.5;
26.03.2014 07:00;4.0;673.2;91;2.0;1;100;8.0;0.7;0;4.6;
27.03.2014 07:00;2.9;676.9;93;2.0;5;60;10.0;6.0;0;11.2;
28.03.2014 07:00;0.3;679.3;88;0.0;0;0;15.0;0;0;16.4;
29.03.2014 07:00;11.2;676.0;38;1.0;2;90;10.0;0;0;16.7;
30.03.2014 07:00;8.2;676.9;93;2.0;3;100;8.0;3.0;0;11.0;
31.03.2014 07:00;4.2;681.3;97;0.0;0;40;10.0;7.0;0;13.6;
01.04.2014 07:00;7.0;681.9;76;0.0;0;0;15.0;0;0;19.4;
02.04.2014 07:00;11.0;679.8;53;8.0;2;50;15.0;0;0;18.3;
03.04.2014 07:00;16.5;671.2;27;3.7;8;90;10.0;0;0;15.4;
04.04.2014 07:00;6.7;675.5;90;2.0;7;75;10.0;0.1;0;9.0;
05.04.2014 07:00;5.8;681.1;69;2.8;3;25;15.0;0.6;0;11.3;
06.04.2014 07:00;4.9;683.0;95;0.0;0;0;10.0;0.1;0;18.9;
07.04.2014 07:00;6.4;683.9;91;0.0;0;0;15.0;0;0;20.3;
08.04.2014 07:00;7.9;685.7;81;0.0;0;0;20.0;0;0;22.5;
09.04.2014 07:00;9.1;685.0;81;0.0;0;25;20.0;0;0;25.5;
10.04.2014 07:00;10.0;683.2;89;0.0;0;40;20.0;0;0;26.6;
11.04.2014 07:00;8.9;683.0;70;0.0;0;50;15.0;0;0;23.4;
12.04.2014 07:00;11.5;681.4;81;2.0;4;75;20.0;0;0;25.0;
13.04.2014 07:00;11.2;680.4;78;4.5;2;10;15.0;0;0;22.9;
14.04.2014 07:00;8.1;682.9;86;0.0;0;25;20.0;0;0;21.8;
15.04.2014 07:00;11.7;680.7;71;0.0;0;25;10.0;0;0;21.2;
16.04.2014 07:00;9.4;681.4;75;0.0;0;10;20.0;0;0;23.7;
17.04.2014 07:00;8.0;682.4;76;0.0;0;0;20.0;0;0;22.9;
18.04.2014 07:00;8.7;680.1;57;0.0;0;0;20.0;0;0;23.5;
19.04.2014 07:00;12.1;677.7;58;3.8;4;0;15.0;0;0;23.8;
20.04.2014 07:00;15.8;675.1;73;0.0;0;90;15.0;0;0;22.7;
21.04.2014 07:00;8.1;676.0;72;5.0;3;10;15.0;0;0;23.8;
22.04.2014 07:00;11.6;676.6;67;4.0;3;90;15.0;0;0;19.4;
23.04.2014 07:00;7.0;683.0;91;4.5;3;10;15.0;0;0;22.1;
24.04.2014 07:00;8.9;684.7;76;0.0;0;10;20.0;0;0;22.2;
25.04.2014 07:00;13.5;681.1;45;6.0;6;90;15.0;0;0;16.7;
26.04.2014 07:00;5.2;682.6;65;0.0;0;10;20.0;0;0;19.4;
27.04.2014 07:00;10.4;680.7;68;0.0;0;40;15.0;0;0;20.2;
28.04.2014 07:00;9.2;680.8;55;0.0;0;50;20.0;0;0;21.9;
29.04.2014 07:00;9.7;681.4;63;5.0;2;10;20.0;0;0;24.8;
30.04.2014 07:00;13.1;680.5;70;0.0;0;10;20.0;0;0;26.8;
01.05.2014 07:00;11.1;680.1;67;0.0;0;0;15.0;0;0;26.0;
02.05.2014 07:00;10.7;680.2;84;0.0;0;40;20.0;0;0;23.5;
03.05.2014 07:00;7.5;679.3;91;4.5;3;10;15.0;0;0;20.3;
04.05.2014 07:00;6.4;679.9;77;4.0;2;0;20.0;0;0;20.8;
05.05.2014 07:00;7.5;680.8;78;0.0;0;40;15.0;0;0;22.7;
06.05.2014 07:00;11.3;682.4;66;0.0;0;0;25.0;0;0;25.1;
07.05.2014 07:00;14.6;683.3;38;0.0;0;0;20.0;0;0;27.5;
08.05.2014 07:00;14.9;683.2;48;5.0;1;40;15.0;0;0;28.9;
09.05.2014 07:00;16.0;683.4;56;0.0;0;75;15.0;0;0;28.2;
10.05.2014 07:00;15.1;683.5;65;0.0;0;10;20.0;0;0;28.6;
11.05.2014 07:00;17.2;682.9;49;1.0;2;60;20.0;0;0;29.6;
12.05.2014 07:00;18.1;682.3;52;0.0;0;0;15.0;0;0;31.0;
13.05.2014 07:00;18.9;680.2;45;0.0;0;0;20.0;0;0;30.3;
14.05.2014 07:00;10.6;686.2;62;4.0;5;25;20.0;0;0;21.0;
15.05.2014 07:00;6.3;685.9;61;0.0;0;0;20.0;0;0;22.4;
16.05.2014 07:00;7.8;682.1;52;0.0;0;60;15.0;0;0;20.1;
17.05.2014 07:00;11.6;679.3;52;0.0;0;75;10.0;0;0;16.2;
18.05.2014 07:00;12.2;678.7;96;0.0;0;90;10.0;3.0;0;18.0;
19.05.2014 07:00;14.3;677.7;78;8.0;3;90;10.0;0;0;23.2;
20.05.2014 07:00;14.2;680.3;84;0.0;0;0;8.0;0;0;27.2;
21.05.2014 07:00;21.8;678.7;44;1.7;6;50;8.0;0;0;29.3;
22.05.2014 07:00;15.4;680.3;68;2.0;4;40;8.0;0;0;29.0;
23.05.2014 07:00;12.7;681.4;60;5.0;3;75;10.0;0;0;25.4;
24.05.2014 07:00;13.1;679.9;71;0.0;0;40;15.0;0;0;27.8;
25.05.2014 07:00;13.0;679.6;92;0.0;0;50;15.0;18.0;0;23.6;
26.05.2014 07:00;13.5;682.6;93;0.0;0;50;20.0;0;0;25.3;
27.05.2014 07:00;13.0;683.0;91;0.0;0;60;10.0;6.0;0;24.1;
28.05.2014 07:00;13.2;680.5;90;0.0;0;60;10.0;2.0;0;20.3;
29.05.2014 07:00;12.3;681.3;84;0.0;0;25;15.0;0;0;20.4;
30.05.2014 07:00;11.9;683.0;71;0.0;0;0;20.0;0;0;23.3;
31.05.2014 07:00;14.0;681.1;70;0.0;0;0;15.0;0;0;26.0;
01.06.2014 07:00;12.4;680.3;92;0.0;0;90;10.0;0;0;24.0;
02.06.2014 07:00;12.9;676.2;94;4.0;6;100;8.0;16.0;0;11.3;
03.06.2014 07:00;9.7;681.9;88;0.0;0;10;20.0;3.0;0;19.9;
04.06.2014 07:00;12.2;682.4;77;0.0;0;0;20.0;0;0;24.2;
05.06.2014 07:00;17.5;682.3;52;0.0;0;0;20.0;0;0;28.3;
06.06.2014 07:00;20.8;683.0;35;0.0;0;90;10.0;0;0;28.6;
07.06.2014 07:00;17.9;683.5;54;0.0;0;0;20.0;0;0;31.6;
08.06.2014 07:00;19.4;684.1;51;5.0;3;0;20.0;0;0;34.9;
09.06.2014 07:00;19.5;683.1;55;0.0;0;0;15.0;0;0;31.3;
10.06.2014 07:00;19.5;681.4;58;0.0;0;0;20.0;0;0;28.8;
11.06.2014 07:00;19.3;683.1;61;0.0;0;10;20.0;0;0;28.8;
12.06.2014 07:00;15.7;684.9;73;5.0;3;40;20.0;1.0;0;29.4;
13.06.2014 07:00;16.5;683.8;72;0.0;0;0;10.0;0;0;30.1;
14.06.2014 07:00;18.1;681.7;61;0.0;0;25;20.0;0;0;28.3;
15.06.2014 07:00;17.6;679.4;63;0.0;0;0;20.0;0;0;28.7;
16.06.2014 07:00;16.7;679.1;87;4.5;4;90;15.0;0;0;26.8;
17.06.2014 07:00;13.7;680.2;75;0.0;0;40;15.0;0;0;25.1;
18.06.2014 07:00;12.4;681.8;96;0.0;0;0;15.0;1.0;0;25.7;
19.06.2014 07:00;16.3;683.5;67;0.0;0;25;20.0;0;0;28.2;
20.06.2014 07:00;19.4;682.5;70;0.0;0;60;15.0;3.0;0;31.1;
21.06.2014 07:00;21.8;681.7;52;0.0;0;40;15.0;0;0;33.5;
22.06.2014 07:00;20.8;683.2;62;6.0;2;0;15.0;0;0;32.4;
23.06.2014 07:00;24.2;683.8;38;0.0;0;25;15.0;0;0;32.2;
24.06.2014 07:00;28.4;680.5;25;3.8;5;60;8.0;0;0;33.9;
25.06.2014 07:00;16.7;681.7;90;0.0;0;25;10.0;0.2;0;25.5;
26.06.2014 07:00;16.0;681.4;79;5.0;2;25;20.0;0;0;27.0;
27.06.2014 07:00;17.3;683.9;68;0.0;0;0;20.0;0;0;28.2;
28.06.2014 07:00;22.4;684.2;49;0.0;0;0;20.0;0;0;31.6;
29.06.2014 07:00;26.6;681.7;38;0.0;0;10;15.0;0;0;31.9;
30.06.2014 07:00;16.4;684.1;77;5.0;2;0;15.0;0;0;30.3;
01.07.2014 07:00;16.6;683.2;60;0.0;0;0;20.0;0;0;29.6;
02.07.2014 07:00;23.6;682.4;47;8.0;3;25;15.0;0;0;30.9;
03.07.2014 07:00;29.5;681.7;19;1.7;8;60;15.0;0;0;35.1;
04.07.2014 07:00;28.1;682.3;31;2.8;3;10;8.0;0;0;36.7;
05.07.2014 07:00;19.2;683.0;58;2.0;4;40;20.0;0;0;34.3;
06.07.2014 07:00;22.3;682.3;51;0.0;0;40;15.0;0;0;33.3;
07.07.2014 07:00;22.6;681.2;49;3.0;4;90;10.0;0;0;26.8;
08.07.2014 07:00;18.3;683.8;66;5.0;1;0;20.0;0;0;33.3;
09.07.2014 07:00;20.5;681.8;86;5.0;3;0;20.0;0;0;32.0;
10.07.2014 07:00;17.5;681.3;84;5.0;4;0;20.0;0;0;30.0;
11.07.2014 07:00;17.0;682.3;71;0.0;0;0;20.0;0;0;30.1;
12.07.2014 07:00;15.5;682.4;73;0.0;0;0;20.0;0;0;28.8;
13.07.2014 07:00;19.3;682.9;51;0.0;0;10;20.0;0;0;32.0;
14.07.2014 07:00;20.7;683.2;49;1.5;3;10;20.0;0;0;34.2;
15.07.2014 07:00;20.8;683.8;45;0.0;0;0;20.0;0;0;35.2;
16.07.2014 07:00;20.1;684.7;54;0.0;0;0;20.0;0;0;36.2;
17.07.2014 07:00;19.9;684.8;47;0.0;0;0;20.0;0;0;35.7;
18.07.2014 07:00;20.6;684.5;37;0.0;0;0;20.0;0;0;33.9;
19.07.2014 07:00;24.3;683.8;36;0.0;0;40;15.0;0;0;36.1;
20.07.2014 07:00;28.7;682.9;24;0.0;0;50;10.0;0;0;36.2;
21.07.2014 07:00;20.3;683.7;49;4.5;4;0;15.0;0;0;31.8;
22.07.2014 07:00;18.0;683.0;57;4.5;3;0;20.0;0;0;30.6;
23.07.2014 07:00;17.3;681.3;55;4.5;2;0;20.0;0;0;32.4;
24.07.2014 07:00;20.1;680.3;55;0.0;0;0;15.0;0;0;35.2;
25.07.2014 07:00;26.6;680.0;38;0.0;0;60;15.0;0;0;36.8;
26.07.2014 07:00;24.1;680.5;36;0.0;0;0;6.0;0;0;37.5;
27.07.2014 07:00;20.8;682.3;70;0.0;0;0;10.0;0;0;36.4;
28.07.2014 07:00;21.4;682.9;47;0.0;0;0;10.0;0;0;33.6;
29.07.2014 07:00;24.4;679.3;41;0.0;0;0;10.0;0;0;33.6;
30.07.2014 07:00;17.4;681.2;86;5.0;3;10;15.0;0;0;30.4;
31.07.2014 07:00;20.2;681.9;52;0.0;0;0;15.0;0;0;33.8;
01.08.2014 07:00;20.9;681.2;50;0.0;0;10;15.0;0;0;32.4;
02.08.2014 07:00;22.7;679.6;53;0.0;0;40;20.0;0;0;34.1;
03.08.2014 07:00;18.3;680.5;61;5.0;4;0;15.0;0;0;34.9;
04.08.2014 07:00;25.1;681.7;43;0.0;0;40;8.0;0;0;38.4;
05.08.2014 07:00;26.2;682.5;46;0.0;0;25;8.0;0.5;0;35.6;
06.08.2014 07:00;19.3;683.0;59;1.5;2;0;20.0;0;0;33.1;
07.08.2014 07:00;17.0;682.9;73;5.0;3;10;15.0;0;0;33.1;
08.08.2014 07:00;19.4;682.8;55;0.0;0;0;15.0;0;0;31.4;
09.08.2014 07:00;24.4;682.0;39;8.0;5;60;15.0;0;0;33.3;
10.08.2014 07:00;25.0;682.5;43;0.0;0;50;15.0;0;0;36.0;
11.08.2014 07:00;25.7;682.4;45;0.0;0;25;15.0;0;0;37.1;
12.08.2014 07:00;23.7;682.0;50;0.0;0;0;10.0;0;0;37.2;
13.08.2014 07:00;20.4;680.6;60;4.0;5;0;15.0;0;0;36.0;
14.08.2014 07:00;20.3;681.6;60;0.0;0;0;20.0;0;0;35.1;
15.08.2014 07:00;20.1;682.8;79;4.5;3;0;15.0;0;0;33.6;
16.08.2014 07:00;21.1;682.0;64;4.6;5;50;15.0;0;0;32.4;
17.08.2014 07:00;17.8;684.0;79;4.0;4;25;10.0;0;0;32.4;
18.08.2014 07:00;21.8;681.9;65;0.0;0;0;10.0;0;0;33.0;
19.08.2014 07:00;26.7;681.1;44;2.0;2;10;15.0;0;0;36.2;
20.08.2014 07:00;23.1;682.3;64;0.0;0;0;10.0;0;0;33.3;
21.08.2014 07:00;18.5;682.6;76;4.5;3;0;15.0;0;0;33.7;
22.08.2014 07:00;19.2;682.6;72;0.0;0;0;20.0;0;0;34.1;
23.08.2014 07:00;23.3;682.3;41;5.0;2;75;15.0;0;0;32.7;
24.08.2014 07:00;19.2;684.0;63;4.0;3;50;10.0;0;0;32.2;
25.08.2014 07:00;20.1;684.1;72;4.0;5;0;10.0;0;0;32.9;
26.08.2014 07:00;21.5;683.0;62;0.0;0;0;15.0;0;0;32.4;
27.08.2014 07:00;18.9;682.6;54;1.0;2;0;20.0;0;0;36.2;
28.08.2014 07:00;19.8;683.3;37;0.0;0;25;20.0;0;0;36.7;
29.08.2014 07:00;18.7;683.8;58;0.0;0;0;15.0;0;0;34.1;
30.08.2014 07:00;21.4;682.7;67;2.0;3;50;20.0;0;0;33.7;
31.08.2014 07:00;23.1;682.3;54;0.0;0;25;20.0;3.0;0;33.7;
01.09.2014 07:00;18.7;682.1;80;0.0;0;0;15.0;0;0;34.1;
02.09.2014 07:00;15.9;681.4;73;0.0;0;0;15.0;0;0;33.3;
03.09.2014 07:00;19.4;681.0;63;0.0;0;0;20.0;0;0;34.9;
04.09.2014 07:00;18.7;680.8;64;4.0;3;40;20.0;0;0;33.8;
05.09.2014 07:00;20.8;681.8;56;0.0;0;50;10.0;0;0;34.3;
06.09.2014 07:00;18.7;681.0;59;0.0;0;0;15.0;0;0;32.4;
07.09.2014 07:00;17.5;681.4;78;0.0;0;0;20.0;0;0;31.7;
08.09.2014 07:00;19.7;682.8;72;0.0;0;60;8.0;2.0;0;31.3;
09.09.2014 07:00;19.6;682.9;70;0.0;0;40;15.0;0.5;0;27.7;
10.09.2014 07:00;21.8;681.6;55;0.0;0;40;10.0;0;0;30.9;
11.09.2014 07:00;17.5;681.2;90;0.0;0;0;15.0;0;0;32.4;
12.09.2014 07:00;17.4;682.0;59;0.0;0;0;20.0;0;0;30.5;
13.09.2014 07:00;15.8;683.4;71;0.0;0;0;20.0;0;0;30.6;
14.09.2014 07:00;18.1;682.6;57;0.0;0;25;15.0;0;0;33.1;
15.09.2014 07:00;22.0;682.4;63;0.0;0;75;10.0;0;0;31.3;
16.09.2014 07:00;18.3;681.4;73;0.0;0;60;8.0;0.7;0;31.8;
17.09.2014 07:00;18.2;680.8;82;0.0;;60;8.0;3.0;0;33.2;
18.09.2014 07:00;24.0;678.6;36;0.0;;90;8.0;0;0;34.7;
19.09.2014 07:00;26.4;681.5;38;0.0;;90;8.0;0;0;35.4;
20.09.2014 07:00;21.0;684.7;62;0.0;;75;10.0;0;0;32.7;
21.09.2014 07:00;21.4;685.8;52;0.0;;90;8.0;0;0;30.8;
22.09.2014 07:00;21.3;682.0;52;0.0;;75;10.0;0;0;28.1;
23.09.2014 07:00;16.0;681.4;85;0.0;;10;20.0;0;0;26.9;
24.09.2014 07:00;14.7;682.6;83;0.0;;50;15.0;0;0;28.2;
25.09.2014 07:00;15.7;682.4;94;0.0;;90;8.0;9.0;0;22.0;
30.09.2014 07:00;17.1;687.9;82;0.0;0;75;10.0;8.0;0;24.9;
01.10.2014 07:00;17.0;688.1;82;0.0;;60;10.0;0;0;25.5;;
03.10.2014 07:00;15.7;683.7;91;0.0;;25;15.0;0.1;0;18.8;
04.10.2014 07:00;12.8;681.7;96;0.0;;50;15.0;0.5;0;21.6;
05.10.2014 07:00;13.0;682.0;97;0.0;0;60;10.0;0.1;0;21.8;
06.10.2014 07:00;9.8;682.6;92;0.0;;0;15.0;0;0;23.6;
07.10.2014 07:00;18.3;682.4;51;0.0;;50;10.0;0;0;25.9;
08.10.2014 07:00;18.8;683.5;46;0.0;;25;10.0;0;0;29.6;
09.10.2014 07:00;17.7;682.6;62;0.0;;40;15.0;0;0;30.3;
10.10.2014 07:00;18.8;682.8;39;0.0;;0;15.0;0;0;31.8;
11.10.2014 07:00;19.1;682.9;40;0.0;;25;10.0;0;0;30.5;
12.10.2014 07:00;20.6;682.1;38;0.0;;75;8.0;0;0;29.8;
13.10.2014 07:00;17.9;681.1;68;0.0;;75;8.0;0;0;25.6;
14.10.2014 07:00;12.6;677.5;94;0.0;;25;15.0;0;0;26.2;
15.10.2014 07:00;10.5;678.0;79;0.0;;40;10.0;5.0;0;18.3;
16.10.2014 07:00;8.1;683.5;96;0.0;;25;15.0;0;0;22.0;
17.10.2014 07:00;13.6;685.2;78;0.0;;25;10.0;0;0;25.0;
18.10.2014 07:00;14.3;687.4;80;0.0;;10;10.0;0;0;27.5;
19.10.2014 07:00;13.2;687.7;59;0.0;;0;15.0;0;0;28.4;
20.10.2014 07:00;14.5;687.2;58;0.0;;25;15.0;0;0;29.2;
21.10.2014 07:00;14.9;685.3;54;0.0;;0;15.0;0;0;28.6;
22.10.2014 07:00;13.4;684.5;61;0.0;;0;15.0;0;0;22.3;
23.10.2014 07:00;10.5;684.7;85;0.0;;50;10.0;0;0;19.1;
24.10.2014 07:00;7.4;682.1;88;0.0;;0;15.0;0;0;22.0;
25.10.2014 07:00;8.4;683.5;90;0.0;;10;15.0;0;0;23.8;
26.10.2014 07:00;10.6;686.1;54;0.0;;0;15.0;0;0;24.3;
27.10.2014 07:00;11.1;684.5;68;0.0;;0;15.0;0;0;25.0;
28.10.2014 07:00;10.1;682.0;68;0.0;;0;10.0;0;0;23.3;
29.10.2014 07:00;9.2;681.4;89;0.0;;10;15.0;0;0;22.9;
30.10.2014 07:00;7.0;684.7;87;0.0;;0;20.0;0;0;20.2;
31.10.2014 07:00;6.4;685.8;84;0.0;;0;20.0;0;0;19.6;
01.11.2014 07:00;6.6;685.3;91;0.0;;0;10.0;0;0;21.0;
02.11.2014 07:00;6.2;685.3;80;0.0;;25;15.0;0;0;20.0;
03.11.2014 07:00;10.4;683.5;69;0.0;;0;15.0;0;0;19.1;
04.11.2014 07:00;11.9;679.0;55;0.0;;25;10.0;0;0;16.7;
05.11.2014 07:00;7.8;674.2;94;0.0;;90;8.0;14.0;0;8.4;
06.11.2014 07:00;5.0;676.0;94;0.0;;50;10.0;3.0;0;11.7;
07.11.2014 07:00;5.4;679.3;82;0.0;;25;10.0;0;0;9.3;
08.11.2014 07:00;8.9;681.4;92;0.0;;40;10.0;1.0;0;15.8;
09.11.2014 07:00;11.2;678.7;88;0.0;;75;10.0;0;0;17.0;
10.11.2014 07:00;9.4;678.0;94;0.0;;60;10.0;0.9;0;15.3;
11.11.2014 07:00;9.0;677.1;95;0.0;;90;10.0;0.5;0;15.0;
12.11.2014 07:00;9.7;677.3;81;0.0;;50;10.0;0;0;16.8;
13.11.2014 07:00;10.5;681.5;85;0.0;;60;10.0;0;0;17.2;
14.11.2014 07:00;11.3;680.8;85;0.0;;10;15.0;0;0;19.2;
15.11.2014 07:00;12.4;679.6;70;0.0;;90;15.0;0;0;18.5;
16.11.2014 07:00;6.0;680.6;66;0.0;;25;10.0;0;0;12.6;
17.11.2014 07:00;10.0;679.2;66;0.0;;75;10.0;0;0;17.6;
18.11.2014 07:00;5.8;678.7;95;0.0;;10;10.0;0;0;17.8;
19.11.2014 07:00;8.3;682.6;73;0.0;;10;15.0;0;0;21.4;
20.11.2014 07:00;10.0;685.1;65;0.0;;0;15.0;0;0;21.8;
21.11.2014 07:00;11.7;686.1;58;0.0;;25;15.0;0;0;21.7;
22.11.2014 07:00;12.0;686.5;60;0.0;;0;15.0;0;0;23.2;
23.11.2014 07:00;14.7;685.8;44;0.0;;90;15.0;0;0;19.1;
24.11.2014 07:00;14.3;685.2;54;0.0;;90;10.0;0;0;16.1;
25.11.2014 07:00;9.4;683.3;82;0.0;;75;10.0;0;0;16.0;
26.11.2014 07:00;10.5;681.6;79;0.0;;75;10.0;0;0;16.6;
27.11.2014 07:00;9.1;677.8;80;0.0;;40;15.0;0;0;18.9;
28.11.2014 07:00;11.7;672.1;60;0.0;;10;10.0;0;0;14.4;
29.11.2014 07:00;11.7;669.7;80;0.0;;100;8.0;2.0;0;13.2;
30.11.2014 07:00;12.9;669.6;69;0.0;;100;8.0;8.0;0;11.6;
01.12.2014 07:00;8.4;672.3;84;0.0;;90;8.0;0.7;0;11.1;
02.12.2014 07:00;8.6;671.7;99;0.0;;100;8.0;2.0;0;9.6;
03.12.2014 07:00;8.1;675.3;96;0.0;;90;8.0;4.0;0;13.6;
04.12.2014 07:00;8.1;677.5;89;0.0;;60;10.0;0;0;9.3;
05.12.2014 07:00;5.5;682.0;92;0.0;0;75;10.0;3.0;0;12.0;
06.12.2014 07:00;2.7;684.0;95;0.0;;10;10.0;0;0;9.8;
07.12.2014 07:00;3.4;681.4;83;0.0;;75;10.0;0;0;4.2;
08.12.2014 07:00;4.5;684.1;93;0.0;;90;8.0;0.9;0;10.7;
09.12.2014 07:00;4.3;680.9;92;0.0;;100;6.0;0.5;0;2.8;
10.12.2014 07:00;3.1;682.3;95;0.0;;90;8.0;23.0;0;6.4;
11.12.2014 07:00;3.4;686.6;89;0.0;;75;10.0;6.0;0;11.0;
12.12.2014 07:00;0.5;687.2;98;0.0;;10;15.0;0;0;11.2;
13.12.2014 07:00;4.1;684.8;80;0.0;;0;15.0;0;0;11.0;
14.12.2014 07:00;5.8;682.7;65;0.0;;60;10.0;0;0;8.7;
15.12.2014 07:00;4.0;680.6;88;0.0;;75;10.0;0;0;10.4;
16.12.2014 07:00;4.0;679.1;95;0.0;;75;10.0;0;0;6.2;;
18.12.2014 07:00;5.1;685.2;92;0.0;;90;8.0;0;0;9.4;
19.12.2014 07:00;8.8;687.5;97;0.0;0;100;8.0;3.0;0;11.5;
20.12.2014 07:00;3.9;689.8;97;0.0;;10;10.0;0.8;0;15.2;
21.12.2014 07:00;2.6;690.1;100;0.0;;0;0.4;0;0;9.0;
22.12.2014 07:00;1.4;690.9;100;0.0;;0;0.4;0;0;11.9;
23.12.2014 07:00;2.5;690.9;97;0.0;;0;10.0;0;0;11.7;
24.12.2014 07:00;1.7;689.5;94;0.0;;0;10.0;0;0;11.9;
25.12.2014 07:00;0.6;688.5;89;0.0;;0;10.0;0;0;11.2;
26.12.2014 07:00;4.0;687.7;90;0.0;;90;10.0;0;0;10.2;
27.12.2014 07:00;5.9;686.5;95;0.0;;90;8.0;0.2;0;10.5;
28.12.2014 07:00;2.7;679.3;91;0.0;;25;10.0;0;0;9.7;
29.12.2014 07:00;1.7;679.5;91;0.0;;90;10.0;1.0;0;3.4;
30.12.2014 07:00;-0.4;685.4;94;0.0;;50;8.0;21.0;1;1.4;
31.12.2014 07:00;-1.6;686.4;96;0.0;;90;6.0;8.0;0;4.4;
01.01.2015 07:00;0.0;683.1;90;0.0;;75;8.0;3.0;1;3.1;
02.01.2015 07:00;0.4;691.9;87;0.0;;75;10.0;0;0;3.2;
03.01.2015 07:00;0.9;694.6;82;0.0;0;40;10.0;0.2;0;10.5;
04.01.2015 07:00;-0.9;692.4;89;0.0;;0;10.0;0;0;16.1;
05.01.2015 07:00;1.4;688.1;92;0.0;;25;15.0;0;0;12.2;
06.01.2015 07:00;2.4;687.9;77;0.0;;0;10.0;0;0;11.8;
07.01.2015 07:00;2.5;688.6;75;0.0;;50;10.0;0;0;10.5;
08.01.2015 07:00;-0.7;691.6;94;0.0;;0;10.0;0;0;12.7;
09.01.2015 07:00;0.2;696.1;100;0.0;;0;0.4;0;0;8.0;
10.01.2015 07:00;2.8;694.9;53;0.0;;0;10.0;0;0;13.6;
11.01.2015 07:00;5.1;689.7;48;0.0;;0;10.0;0;0;16.0;
12.01.2015 07:00;2.4;691.8;91;0.0;;40;10.0;0;0;13.6;
13.01.2015 07:00;3.6;691.2;61;0.0;;25;15.0;0;0;13.0;
14.01.2015 07:00;6.6;688.2;61;0.0;;60;10.0;0;0;16.0;
15.01.2015 07:00;5.1;687.4;79;0.0;;10;10.0;0;0;16.4;
16.01.2015 07:00;4.3;682.8;93;0.0;;25;10.0;2.0;0;14.0;
17.01.2015 07:00;3.0;683.2;86;0.0;;75;10.0;0.1;0;4.0;
18.01.2015 07:00;0.7;681.7;94;0.0;;50;8.0;12.0;0;6.0;
19.01.2015 07:00;1.6;675.8;87;0.0;;60;10.0;0;0;5.7;
20.01.2015 07:00;1.8;673.9;89;0.0;;90;10.0;0;0;4.7;
21.01.2015 07:00;2.0;676.0;89;0.0;;75;10.0;1.0;0;6.4;
22.01.2015 07:00;1.5;673.4;94;0.0;;100;8.0;2.0;0;1.6;
23.01.2015 07:00;1.0;677.4;92;0.0;;100;6.0;3.0;1;3.8;
24.01.2015 07:00;-0.8;680.7;89;0.0;;50;10.0;0.9;0;3.5;
25.01.2015 07:00;3.6;679.2;61;0.0;0;40;10.0;1.0;0;3.7;
26.01.2015 07:00;0.5;682.1;94;0.0;;100;2.0;9.0;0;3.9;
27.01.2015 07:00;1.6;684.6;94;0.0;;100;8.0;6.0;1;4.3;
28.01.2015 07:00;2.1;682.2;95;0.0;;100;8.0;0;0;7.7;
29.01.2015 07:00;0.6;681.4;89;0.0;;40;10.0;2.0;0;9.0;
30.01.2015 07:00;5.1;672.6;85;0.0;;90;10.0;0;0;10.9;
31.01.2015 07:00;7.9;667.3;73;0.0;;90;10.0;0;0;11.8;
01.02.2015 07:00;2.0;671.5;93;0.0;;100;8.0;1.0;0;3.8;
02.02.2015 07:00;0.9;678.0;88;0.0;;60;10.0;10.0;0;2.3;
03.02.2015 07:00;2.0;673.7;87;0.0;;90;10.0;2.0;0;4.4;
04.02.2015 07:00;4.5;670.9;85;0.0;;60;10.0;3.0;0;5.4;
05.02.2015 07:00;-1.4;670.3;89;0.0;;60;10.0;3.0;0;1.5;
06.02.2015 07:00;0.5;674.8;90;0.0;;50;10.0;1.0;0;2.0;
07.02.2015 07:00;-2.2;679.1;93;0.0;;10;10.0;0.4;0;6.3;
08.02.2015 07:00;-1.1;681.5;91;0.0;;0;10.0;2.0;0;7.5;
09.02.2015 07:00;-1.7;681.9;92;0.0;;75;8.0;0;0;8.6;
10.02.2015 07:00;-1.9;685.1;94;0.0;;0;15.0;0;0;9.5;
11.02.2015 07:00;3.2;684.7;60;0.0;;90;10.0;0;0;8.5;
12.02.2015 07:00;4.1;682.0;62;0.0;;40;15.0;0;0;10.0;
13.02.2015 07:00;2.8;682.7;93;0.0;;50;10.0;3.0;0;13.3;
14.02.2015 07:00;4.4;682.7;89;0.0;;40;10.0;0;0;11.6;
15.02.2015 07:00;6.0;679.3;87;0.0;;90;10.0;0;0;10.9;
16.02.2015 07:00;7.0;678.1;90;0.0;;90;10.0;0.9;0;11.4;
17.02.2015 07:00;2.9;678.6;95;0.0;;75;10.0;2.0;0;9.8;
18.02.2015 07:00;3.5;682.3;91;0.0;;75;10.0;2.0;0;10.5;
19.02.2015 07:00;4.3;686.1;88;0.0;;90;10.0;0.7;0;11.2;
20.02.2015 07:00;4.1;683.6;92;0.0;;40;15.0;0;0;10.5;
21.02.2015 07:00;3.3;675.9;91;0.0;;90;8.0;9.0;0;8.3;
22.02.2015 07:00;1.9;669.2;89;0.0;;90;8.0;3.0;0;3.5;
23.02.2015 07:00;-1.2;679.4;90;0.0;;10;10.0;3.0;0;10.3;
24.02.2015 07:00;5.3;678.9;74;0.0;;50;10.0;0;0;9.4;
25.02.2015 07:00;1.0;679.3;92;0.0;;100;4.0;6.0;1;4.5;
26.02.2015 07:00;3.9;679.0;91;0.0;;90;8.0;11.0;0;
04.03.2015 07:00;10.0;687.4;85;0.0;;0;10.0;0;0;19.5;
05.03.2015 07:00;2.2;684.4;91;0.0;;90;8.0;0.1;0;5.1;
06.03.2015 07:00;0.2;685.7;94;0.0;;75;8.0;7.0;1;7.1;
07.03.2015 07:00;0.7;688.0;81;0.0;;10;15.0;0;0;11.8;
08.03.2015 07:00;2.0;682.4;75;0.0;;60;15.0;0;0;5.0;
09.03.2015 07:00;-0.1;684.4;94;0.0;0;90;10.0;0.6;0;8.3;
10.03.2015 07:00;3.8;685.9;85;0.0;;50;10.0;0.1;0;10.7;
11.03.2015 07:00;1.4;687.4;87;0.0;;0;15.0;0;0;16.1;
12.03.2015 07:00;4.7;684.7;64;0.0;;0;15.0;0;0;19.0;
13.03.2015 07:00;4.4;682.3;76;0.0;;10;15.0;0;0;18.8;
14.03.2015 07:00;4.2;682.1;82;0.0;;40;10.0;0;0;16.4;
15.03.2015 07:00;4.0;680.2;63;0.0;;90;15.0;0;0;14.0;
16.03.2015 07:00;2.8;680.0;93;0.0;;40;10.0;0;0;13.4;
17.03.2015 07:00;1.2;681.4;88;0.0;;0;8.0;0;0;14.4;
18.03.2015 07:00;4.6;681.3;75;0.0;;10;15.0;0;0;17.9;
19.03.2015 07:00;11.2;679.7;50;0.0;;60;15.0;0;0;23.0;
20.03.2015 07:00;14.6;677.2;35;0.0;;50;10.0;0;0;19.0;
21.03.2015 07:00;8.8;676.4;80;0.0;;10;8.0;0;0;16.8;
22.03.2015 07:00;6.7;675.1;89;0.0;;90;10.0;8.0;0;14.0;
23.03.2015 07:00;7.5;677.5;72;0.0;;60;10.0;0;0;17.5;
24.03.2015 07:00;7.3;671.3;88;0.0;;100;8.0;1.0;0;7.9;
25.03.2015 07:00;3.8;669.6;91;0.0;;60;15.0;16.0;0;10.1;
26.03.2015 07:00;3.9;674.1;91;0.0;;90;8.0;5.0;0;7.7;
27.03.2015 07:00;2.2;681.8;87;0.0;;90;15.0;0.6;0;13.8;
28.03.2015 07:00;5.5;683.9;78;0.0;;10;15.0;0;0;11.4;
29.03.2015 07:00;4.2;685.4;93;0.0;;10;15.0;0;0;19.0;
30.03.2015 07:00;6.8;686.1;78;0.0;;50;15.0;0;0;21.2;
31.03.2015 07:00;9.0;687.2;73;0.0;;60;15.0;0;0;22.4;
01.04.2015 07:00;8.5;686.5;75;0.0;0;25;15.0;0;0;22.0;
02.04.2015 07:00;7.4;686.0;92;0.0;;100;8.0;0;0;17.5;
03.04.2015 07:00;6.3;683.6;94;0.0;;25;20.0;0;0;21.4;
04.04.2015 07:00;10.4;679.0;60;0.0;;90;10.0;0;0;20.3;
05.04.2015 07:00;7.6;676.5;93;0.0;;25;20.0;0;0;20.2;
06.04.2015 07:00;6.2;679.3;87;0.0;;40;15.0;0;0;16.5;
07.04.2015 07:00;4.3;682.3;93;0.0;;25;20.0;0;0;11.4;
08.04.2015 07:00;0.0;687.4;82;0.0;;0;20.0;0;0;13.5;
09.04.2015 07:00;1.4;687.1;89;0.0;;0;20.0;0;0;17.2;
10.04.2015 07:00;6.5;687.7;53;0.0;;0;20.0;0;0;16.7;
11.04.2015 07:00;7.0;686.8;60;0.0;;0;20.0;0;0;18.6;
12.04.2015 07:00;7.6;686.9;60;0.0;;10;20.0;0;0;22.7;
13.04.2015 07:00;8.4;688.7;87;0.0;;0;15.0;0.2;0;23.7;
14.04.2015 07:00;8.1;688.4;74;0.0;;0;20.0;0;0;23.3;
15.04.2015 07:00;12.0;686.0;46;0.0;;40;20.0;0;0;23.7;
16.04.2015 07:00;16.7;683.5;30;0.0;;90;15.0;0;0;21.0;
17.04.2015 07:00;9.0;683.0;40;0.0;;60;20.0;0;0;24.5;
18.04.2015 07:00;11.3;680.6;85;0.0;0;40;10.0;0;0;26.6;
19.04.2015 07:00;13.5;680.7;42;0.0;;75;20.0;0;0;22.7;
20.04.2015 07:00;12.9;681.3;79;0.0;0;75;10.0;0;0;23.2;
21.04.2015 07:00;9.8;683.9;82;0.0;;60;15.0;0;0;24.5;
22.04.2015 07:00;15.5;685.1;50;0.0;;75;10.0;0;0;20.7;
23.04.2015 07:00;13.0;683.8;81;0.0;;75;15.0;0;0;26.1;
24.04.2015 07:00;15.2;681.6;74;0.0;;25;10.0;0;0;27.5;
25.04.2015 07:00;14.3;681.7;90;0.0;;60;15.0;0;0;26.5;
26.04.2015 07:00;14.8;680.3;68;0.0;;75;10.0;0;0;25.0;
27.04.2015 07:00;13.0;678.3;83;0.0;0;40;15.0;7.0;0;17.5;
28.04.2015 07:00;8.2;681.8;77;0.0;;25;15.0;0;0;20.0;
29.04.2015 07:00;8.4;683.2;90;0.0;;75;20.0;0;0;22.0;
30.04.2015 07:00;11.2;684.3;43;0.0;;40;15.0;0;0;24.0;
01.05.2015 07:00;13.1;684.1;59;0.0;;0;20.0;0;0;25.9;
02.05.2015 07:00;15.0;683.2;63;0.0;;25;15.0;0;0;29.2;
03.05.2015 07:00;19.7;681.8;37;0.0;;0;15.0;0;0;32.8;
04.05.2015 07:00;23.4;681.5;26;0.0;;0;15.0;0;0;34.6;
05.05.2015 07:00;26.5;681.1;17;0.0;;10;15.0;0;0;33.7;
06.05.2015 07:00;24.5;680.6;28;0.0;;50;15.0;0;0;32.7;
07.05.2015 07:00;15.4;683.4;71;0.0;;50;20.0;0;0;31.6;
08.05.2015 07:00;22.2;682.6;41;0.0;;0;10.0;0;0;30.4;
09.05.2015 07:00;15.0;686.4;57;0.0;;0;20.0;0;0;27.1;
10.05.2015 07:00;12.2;687.6;87;0.0;;0;20.0;0;0;28.0;
11.05.2015 07:00;13.9;687.1;62;0.0;;10;20.0;0;0;29.7;
12.05.2015 07:00;17.8;685.5;41;0.0;;0;20.0;0;0;31.3;
13.05.2015 07:00;16.4;687.9;50;0.0;;0;20.0;0;0;31.7;
14.05.2015 07:00;17.0;686.0;37;0.0;;0;10.0;0;0;32.2;
15.05.2015 07:00;22.4;680.4;41;0.0;;10;20.0;0;0;30.4;
16.05.2015 07:00;11.0;683.2;71;0.0;;50;15.0;0;0;16.4;
17.05.2015 07:00;10.6;684.0;95;0.0;0;90;8.0;2.0;0;17.5;
18.05.2015 07:00;9.8;683.2;88;0.0;0;0;20.0;0;0;26.0;
19.05.2015 07:00;18.2;679.1;36;0.0;;75;15.0;0;0;28.0;
20.05.2015 07:00;19.0;678.1;43;0.0;;60;15.0;0;0;27.0;
21.05.2015 07:00;10.3;682.2;80;0.0;;100;10.0;0.4;0;12.5;
22.05.2015 07:00;5.8;684.1;84;0.0;0;0;20.0;0;0;17.7;
23.05.2015 07:00;8.2;681.7;70;0.0;;60;20.0;0;0;21.5;
24.05.2015 07:00;12.0;679.9;63;0.0;;40;20.0;0;0;23.6;
25.05.2015 07:00;11.0;679.5;70;0.0;;100;10.0;0.2;0;22.7;
26.05.2015 07:00;11.9;680.2;91;0.0;;50;15.0;1.0;0;18.8;
27.05.2015 07:00;11.6;682.6;71;0.0;;10;20.0;0;0;21.0;
28.05.2015 07:00;11.0;683.8;91;0.0;;0;20.0;0;0;25.5;
29.05.2015 07:00;19.4;682.6;48;0.0;;40;20.0;0;0;28.1;
30.05.2015 07:00;14.8;681.2;96;0.0;0;0;20.0;3.0;0;26.7;
31.05.2015 07:00;14.8;682.9;64;0.0;0;0;10.0;0;0;27.5;
01.06.2015 07:00;14.9;683.1;82;0.0;;75;15.0;0;0;26.3;
02.06.2015 07:00;14.5;683.4;78;0.0;;0;20.0;3.0;0;25.5;
03.06.2015 07:00;15.7;685.0;62;0.0;;40;20.0;0;0;27.1;
04.06.2015 07:00;16.5;684.9;81;0.0;;25;20.0;0.9;0;28.5;
05.06.2015 07:00;16.8;684.3;51;0.0;;0;20.0;0;0;27.8;
06.06.2015 07:00;17.9;684.7;42;0.0;;10;20.0;0;0;29.6;
07.06.2015 07:00;18.0;684.1;55;0.0;0;40;20.0;0;0;30.0;
08.06.2015 07:00;18.5;682.9;57;0.0;;0;20.0;0;0;28.0;
09.06.2015 07:00;15.5;681.0;80;0.0;;50;15.0;8.0;0;29.0;
10.06.2015 07:00;19.7;681.0;78;0.0;;40;15.0;1.0;0;31.0;
11.06.2015 07:00;25.0;679.7;31;0.0;;0;10.0;1.0;0;31.0;
12.06.2015 07:00;19.4;678.9;74;0.0;;40;10.0;0;0;26.5;
13.06.2015 07:00;15.5;678.8;67;0.0;;40;15.0;0;0;26.3;
14.06.2015 07:00;15.3;681.0;33;0.0;;25;15.0;0;0;29.0;
15.06.2015 07:00;16.5;682.4;68;0.0;;90;15.0;0.1;0;27.5;
16.06.2015 07:00;16.8;680.2;83;0.0;;40;20.0;0.1;0;27.0;
17.06.2015 07:00;14.5;683.8;80;0.0;;25;20.0;0;0;25.7;
18.06.2015 07:00;15.2;684.2;67;0.0;;90;20.0;0;0;27.5;
19.06.2015 07:00;17.2;683.2;71;0.0;;10;20.0;0;0;28.3;
20.06.2015 07:00;17.0;682.9;70;0.0;;0;20.0;0;0;28.3;
21.06.2015 07:00;16.7;684.6;63;0.0;;0;20.0;0;0;29.0;
22.06.2015 07:00;17.7;684.3;60;0.0;;25;20.0;0;0;29.2;
23.06.2015 07:00;25.0;681.8;51;0.0;;0;20.0;0;0;31.8;
24.06.2015 07:00;17.2;681.9;75;0.0;;0;20.0;6.0;0;29.6;
25.06.2015 07:00;17.0;683.7;76;0.0;;0;20.0;0;0;29.5;
26.06.2015 07:00;18.4;685.4;53;0.0;;0;20.0;0;0;29.2;
27.06.2015 07:00;16.7;686.2;45;0.0;;0;20.0;0;0;31.2;
28.06.2015 07:00;17.4;685.4;56;0.0;;0;20.0;0;0;32.5;
29.06.2015 07:00;22.3;685.5;39;0.0;;0;20.0;0;0;34.5;
30.06.2015 07:00;22.4;684.6;30;0.0;;0;20.0;0;0;33.1;
01.07.2015 07:00;17.5;684.3;35;0.0;;0;20.0;0;0;34.5;
02.07.2015 07:00;24.0;684.8;38;0.0;;0;20.0;0;0;34.5;
03.07.2015 07:00;24.4;686.3;48;0.0;;0;20.0;0;0;34.2;
04.07.2015 07:00;21.3;686.8;48;0.0;;0;20.0;0;0;33.8;
05.07.2015 07:00;22.0;685.6;49;0.0;;0;20.0;0;0;33.8;
06.07.2015 07:00;20.2;686.0;50;0.0;;0;20.0;0;0;33.7;
07.07.2015 07:00;22.0;684.8;42;0.0;;0;20.0;0;0;32.5;
08.07.2015 07:00;21.7;682.7;49;0.0;;0;20.0;0;0;36.0;
09.07.2015 07:00;21.6;682.9;45;0.0;;25;20.0;0;0;35.5;
10.07.2015 07:00;20.6;683.4;56;0.0;;0;20.0;0;0;34.8;
11.07.2015 07:00;19.5;684.7;44;0.0;;0;20.0;0;0;34.3;
12.07.2015 07:00;19.7;684.8;67;0.0;;0;20.0;0;0;34.6;
13.07.2015 07:00;21.0;684.7;57;0.0;;0;20.0;0;0;33.5;
14.07.2015 07:00;20.7;684.6;61;0.0;;0;20.0;0;0;34.5;
15.07.2015 07:00;20.3;683.8;54;0.0;;0;20.0;0;0;33.9;
16.07.2015 07:00;22.3;683.2;44;0.0;;0;20.0;0;0;33.0;
17.07.2015 07:00;25.5;684.1;29;0.0;;0;20.0;0;0;33.9;
18.07.2015 07:00;22.4;683.8;50;0.0;0;0;20.0;0;0;34.8;
19.07.2015 07:00;24.2;683.5;44;0.0;;10;20.0;0;0;34.6;
20.07.2015 07:00;23.5;682.4;38;0.0;;0;20.0;0;0;37.0;
21.07.2015 07:00;22.2;682.3;49;0.0;0;50;20.0;0;0;34.5;
22.07.2015 07:00;20.9;683.1;66;0.0;0;0;20.0;4.0;0;34.6;
23.07.2015 07:00;19.7;682.2;71;0.0;;40;15.0;20.0;0;33.0;
24.07.2015 07:00;18.3;681.3;74;0.0;;0;20.0;0;0;32.1;
25.07.2015 07:00;20.8;681.5;54;0.0;;0;20.0;0;0;33.5;
26.07.2015 07:00;21.7;682.3;55;0.0;;0;20.0;0;0;34.5;
27.07.2015 07:00;22.2;681.9;60;0.0;;0;20.0;0;0;35.7;
28.07.2015 07:00;22.6;681.8;46;0.0;;0;20.0;0;0;36.6;
29.07.2015 07:00;23.2;681.9;55;0.0;;0;20.0;0;0;36.5;
30.07.2015 07:00;26.6;680.8;34;0.0;;0;15.0;0;0;37.3;
31.07.2015 07:00;26.7;680.8;34;0.0;;25;20.0;0;0;36.4;
01.08.2015 07:00;24.2;681.5;50;0.0;;90;15.0;0;0;34.9;
02.08.2015 07:00;29.9;681.7;21;0.0;;10;20.0;0;0;37.2;
03.08.2015 07:00;24.2;683.4;46;0.0;;0;15.0;0;0;37.8;
04.08.2015 07:00;20.7;682.7;57;0.0;;0;20.0;0;0;39.5;
05.08.2015 07:00;23.5;683.2;42;0.0;;25;10.0;0;0;37.2;
06.08.2015 07:00;23.0;682.8;44;0.0;;0;15.0;0;0;38.8;
07.08.2015 07:00;22.1;682.7;43;0.0;;0;20.0;0;0;36.9;
08.08.2015 07:00;22.3;683.5;42;0.0;;0;20.0;0;0;37.2;
09.08.2015 07:00;22.2;684.1;53;0.0;;75;20.0;0;0;35.2;
10.08.2015 07:00;22.5;684.1;87;0.0;;75;10.0;0;0;28.4;
11.08.2015 07:00;19.2;682.6;69;0.0;;0;20.0;0;0;33.5;
12.08.2015 07:00;23.5;683.8;54;0.0;;25;20.0;0;0;35.4;
13.08.2015 07:00;20.4;683.9;61;0.0;;25;20.0;0;0;34.7;
14.08.2015 07:00;23.6;682.4;41;0.0;;90;15.0;0;0;27.6;
15.08.2015 07:00;16.7;680.9;65;0.0;;60;20.0;0;0;29.7;
16.08.2015 07:00;18.5;681.0;64;0.0;;25;20.0;0;0;29.7;
17.08.2015 07:00;16.2;681.7;73;0.0;;10;20.0;0;0;30.6;
18.08.2015 07:00;22.7;680.2;59;0.0;;40;20.0;0;0;32.3;
19.08.2015 07:00;19.3;681.7;91;0.0;;50;15.0;6.0;0;29.5;
20.08.2015 07:00;17.7;685.4;94;0.0;;0;20.0;0;0;30.2;
21.08.2015 07:00;19.2;685.7;80;0.0;;40;20.0;0;0;31.8;
22.08.2015 07:00;18.4;684.0;83;0.0;;50;20.0;0.2;0;31.2;
23.08.2015 07:00;17.3;681.7;88;0.0;;10;20.0;10.0;0;28.5;
24.08.2015 07:00;21.1;681.3;74;0.0;0;25;20.0;0;0;30.0;
25.08.2015 07:00;17.5;683.9;90;0.0;;0;20.0;0;0;32.2;
26.08.2015 07:00;21.6;683.2;66;0.0;;40;20.0;0;0;31.1;
27.08.2015 07:00;22.2;682.9;61;0.0;;50;3.0;0;0;34.1;
28.08.2015 07:00;23.3;683.5;51;0.0;;10;15.0;0;0;33.1;
29.08.2015 07:00;22.5;684.2;58;0.0;;50;20.0;0;0;32.6;
30.08.2015 07:00;18.4;685.2;73;0.0;;40;15.0;32.0;0;29.3;
31.08.2015 07:00;21.5;684.0;67;0.0;;0;10.0;0;0;31.0;
01.09.2015 07:00;20.5;683.1;70;0.0;;90;15.0;3.0;0;32.0;
02.09.2015 07:00;21.0;682.6;83;0.0;;60;15.0;0;0;29.6;
03.09.2015 07:00;20.6;681.4;68;0.0;;60;10.0;2.0;0;28.6;
04.09.2015 07:00;23.7;681.1;47;0.0;;40;20.0;0.5;0;32.6;
05.09.2015 07:00;19.5;682.3;89;0.0;;75;10.0;0.5;0;29.0;
06.09.2015 07:00;19.0;682.9;85;0.0;;75;10.0;0;0;29.6;
07.09.2015 07:00;18.0;683.7;96;0.0;;0;6.0;2.0;0;29.2;
08.09.2015 07:00;16.3;682.0;95;0.0;;60;10.0;25.0;0;19.5;
09.09.2015 07:00;13.9;680.9;91;0.0;;50;20.0;2.0;0;20.4;
10.09.2015 07:00;11.7;682.6;95;0.0;;40;20.0;0;0;24.3;
11.09.2015 07:00;15.5;682.9;65;0.0;;10;15.0;0;0;26.5;
12.09.2015 07:00;19.2;684.1;66;0.0;;10;20.0;0;0;28.2;
13.09.2015 07:00;15.9;684.2;66;0.0;;60;10.0;8.0;0;27.0;
14.09.2015 07:00;20.6;682.4;57;0.0;;50;15.0;0.7;0;28.4;
15.09.2015 07:00;23.6;681.1;44;0.0;;60;15.0;0;0;30.4;
16.09.2015 07:00;24.6;680.2;43;0.0;;60;20.0;0;0;32.2;
17.09.2015 07:00;25.1;679.7;45;0.0;;10;20.0;0;0;33.9;
18.09.2015 07:00;17.4;682.0;84;0.0;;25;20.0;0;0;30.7;
19.09.2015 07:00;17.7;683.5;82;0.0;;0;10.0;0;0;32.0;
20.09.2015 07:00;17.4;684.8;92;0.0;;60;10.0;0;0;26.2;
21.09.2015 07:00;11.3;684.1;91;0.0;;25;15.0;0;0;26.8;
22.09.2015 07:00;14.7;682.2;48;0.0;;10;20.0;0;0;27.8;
23.09.2015 07:00;16.0;680.5;63;0.0;;10;15.0;0;0;29.0;
24.09.2015 07:00;15.0;681.6;94;0.0;;40;10.0;0;0;24.0;
25.09.2015 07:00;9.2;683.1;91;0.0;;0;20.0;0;0;23.1;
26.09.2015 07:00;10.0;682.6;92;0.0;;0;15.0;0;0;23.8;
27.09.2015 07:00;9.2;683.1;97;0.0;;40;20.0;0;0;21.7;
28.09.2015 07:00;10.8;684.4;91;0.0;;0;20.0;0;0;23.7;
29.09.2015 07:00;11.3;682.8;85;4.5;3;40;15.0;0;0;19.9;
30.09.2015 07:00;16.6;681.4;53;3.7;7;60;10.0;0.7;0;18.6;
01.10.2015 07:00;13.0;683.4;85;8.0;2;75;15.0;0;0;19.0;
02.10.2015 07:00;7.8;684.8;97;0.0;0;0;10.0;0;0;23.0;
03.10.2015 07:00;13.6;685.6;58;3.0;2;25;15.0;0;0;24.1;
04.10.2015 07:00;17.6;686.2;62;8.0;2;50;20.0;0;0;27.7;
05.10.2015 07:00;17.5;687.3;65;0.0;0;25;15.0;0;0;30.5;
06.10.2015 07:00;22.3;683.8;42;3.0;3;60;15.0;0;0;29.3;
07.10.2015 07:00;16.1;682.9;87;4.6;2;50;20.0;6.0;0;26.1;
08.10.2015 07:00;14.8;681.1;96;0.0;;100;8.0;10.0;0;18.5;
09.10.2015 07:00;12.5;678.1;94;3.7;3;60;10.0;12.0;0;16.7;
10.10.2015 07:00;10.3;678.1;95;0.0;;60;15.0;12.0;0;18.7;
11.10.2015 07:00;7.4;679.0;87;0.0;;50;10.0;0;0;19.5;
12.10.2015 07:00;14.6;680.3;80;0.0;;40;15.0;0;0;24.3;
13.10.2015 07:00;15.4;681.7;58;0.0;;40;20.0;0;0;23.9;
14.10.2015 07:00;14.8;678.9;82;0.0;;75;10.0;0;0;22.0;
15.10.2015 07:00;11.3;679.9;95;0.0;;40;15.0;0;0;21.8;
16.10.2015 07:00;9.2;682.0;91;0.0;;10;20.0;0;0;21.0;
17.10.2015 07:00;12.6;681.8;77;0.0;;40;15.0;0;0;22.5;
18.10.2015 07:00;15.8;682.2;73;0.0;;60;10.0;0;0;21.2;
19.10.2015 07:00;17.3;679.7;57;0.0;;75;15.0;0.1;0;24.2;
20.10.2015 07:00;15.2;678.3;78;0.0;;75;15.0;0;0;24.2;
21.10.2015 07:00;14.0;678.1;94;0.0;0;90;10.0;3.0;0;12.5;
22.10.2015 07:00;8.2;681.0;90;4.6;2;75;15.0;3.0;0;14.0;
23.10.2015 07:00;8.9;683.4;89;4.5;1;90;10.0;2.0;0;13.8;
24.10.2015 07:00;6.1;683.9;93;0.0;0;40;15.0;0;0;17.8;
25.10.2015 07:00;12.5;684.1;72;0.0;0;90;20.0;0;0;19.3;
26.10.2015 07:00;14.8;682.4;64;0.0;0;90;10.0;0;0;12.4;
27.10.2015 07:00;10.6;682.7;89;1.0;2;40;15.0;11.0;0;19.0;
28.10.2015 07:00;10.3;681.8;88;4.0;2;10;20.0;0;0;21.2;
29.10.2015 07:00;9.5;684.3;89;4.0;3;10;10.0;0;0;18.2;
30.10.2015 07:00;8.4;683.4;93;5.0;1;25;15.0;0;0;19.2;
31.10.2015 07:00;6.6;682.9;97;4.6;2;0;8.0;0;0;18.6;
01.11.2015 07:00;8.2;684.4;95;4.6;3;0;8.0;0;0;17.7;
02.11.2015 07:00;9.3;685.5;95;4.6;2;50;15.0;0;0;15.8;
03.11.2015 07:00;13.0;686.4;74;3.8;1;90;15.0;0.1;0;20.2;
04.11.2015 07:00;13.1;686.6;75;3.0;2;75;10.0;0.4;0;19.5;
05.11.2015 07:00;10.3;685.9;95;4.6;2;50;10.0;0;0;19.8;
06.11.2015 07:00;8.3;687.3;100;2.6;2;0;0.1;0;0;19.2;
07.11.2015 07:00;6.8;688.1;93;4.0;2;0;10.0;0;0;18.5;
08.11.2015 07:00;8.2;690.1;100;0.0;0;0;0.8;0;0;17.7;
09.11.2015 07:00;8.2;692.5;82;4.6;1;0;15.0;0;0;20.2;
10.11.2015 07:00;7.3;690.6;88;4.0;2;0;10.0;0;0;21.1;
11.11.2015 07:00;6.9;688.3;94;4.6;3;0;15.0;0;0;20.0;
12.11.2015 07:00;7.7;687.4;84;6.0;1;0;15.0;0;0;20.6;
13.11.2015 07:00;7.0;688.0;93;4.6;2;0;8.0;0;0;20.3;
14.11.2015 07:00;8.8;690.3;93;2.6;1;25;10.0;0;0;14.6;
15.11.2015 07:00;5.7;688.5;97;4.6;2;0;6.0;0;0;17.6;
16.11.2015 07:00;5.8;685.9;83;4.0;2;0;10.0;0;0;20.4;
17.11.2015 07:00;6.3;685.6;83;4.6;4;0;15.0;0;0;18.6;
18.11.2015 07:00;5.3;686.9;94;6.0;3;0;8.0;0;0;13.0;
19.11.2015 07:00;4.2;688.6;97;4.6;1;0;8.0;0;0;18.1;
20.11.2015 07:00;6.0;690.1;86;4.6;2;0;15.0;0;0;18.5;
21.11.2015 07:00;7.4;681.3;66;7.0;5;10;15.0;0;0;15.6;
22.11.2015 07:00;7.0;675.8;87;3.0;3;90;10.0;3.0;0;9.7;
23.11.2015 07:00;2.3;678.0;93;2.6;2;50;10.0;0;0;9.0;
24.11.2015 07:00;4.2;681.3;91;2.0;4;90;10.0;0;0;6.4;
25.11.2015 07:00;3.5;684.2;90;0.0;0;60;10.0;0.1;0;8.6;
26.11.2015 07:00;8.8;676.8;92;2.0;5;90;8.0;2.0;0;10.2;
27.11.2015 07:00;3.9;677.2;93;4.0;4;100;8.0;13.0;0;9.1;
28.11.2015 07:00;0.3;682.5;89;4.5;2;0;10.0;1.0;0;10.4;
29.11.2015 07:00;2.4;688.9;89;4.0;2;0;15.0;0;0;15.0;
30.11.2015 07:00;3.3;693.7;95;5.0;2;0;10.0;0;0;15.0;
01.12.2015 07:00;2.9;692.9;77;4.0;2;40;10.0;0;0;15.8;
02.12.2015 07:00;4.3;691.0;58;0.0;0;0;15.0;0;0;15.7;
03.12.2015 07:00;4.9;690.1;44;0.0;0;60;10.0;0;0;14.2;
04.12.2015 07:00;2.6;691.0;63;4.5;3;25;15.0;0;0;17.2;
05.12.2015 07:00;4.3;691.7;95;4.5;3;0;8.0;0;0;11.8;
06.12.2015 07:00;5.2;690.6;82;3.8;1;0;15.0;0;0;13.3;
07.12.2015 07:00;5.4;691.3;91;2.6;2;0;10.0;0;0;14.5;
08.12.2015 07:00;4.1;691.6;82;1.7;3;10;15.0;0;0;13.4;
09.12.2015 07:00;3.6;692.1;88;5.0;2;25;10.0;0;0;16.3;
10.12.2015 07:00;2.4;691.8;91;4.0;2;10;15.0;0;0;12.8;
11.12.2015 07:00;1.3;691.8;100;4.0;3;0;0.2;0;0;11.7;
12.12.2015 07:00;3.8;690.0;90;8.0;2;10;15.0;0;0;11.6;
13.12.2015 07:00;3.1;686.5;93;5.0;2;40;10.0;0;0;11.3;
14.12.2015 07:00;1.8;685.8;89;0.0;0;0;15.0;0;0;12.8;
15.12.2015 07:00;3.8;688.6;85;5.0;1;0;10.0;0;0;15.9;
16.12.2015 07:00;5.3;691.1;80;3.7;2;10;15.0;0;0;16.8;
17.12.2015 07:00;5.5;690.2;72;5.0;1;10;15.0;0;0;18.7;
18.12.2015 07:00;6.0;689.5;81;5.0;2;10;10.0;0;0;19.0;
19.12.2015 07:00;6.2;688.9;77;4.0;2;0;10.0;0;0;16.8;
20.12.2015 07:00;6.3;687.3;74;1.7;2;0;15.0;0;0;16.4;
21.12.2015 07:00;5.2;689.2;85;5.0;2;0;10.0;0;0;18.7;
22.12.2015 07:00;4.6;693.1;88;1.5;1;0;15.0;0;0;14.8;
23.12.2015 07:00;6.1;692.3;87;3.0;2;0;10.0;0;0;13.7;
24.12.2015 07:00;5.3;691.6;95;8.0;2;40;10.0;0;0;10.6;
25.12.2015 07:00;5.6;691.0;92;1.7;2;50;10.0;0;0;10.5;
26.12.2015 07:00;3.8;690.7;90;4.5;1;10;10.0;0;0;13.3;
27.12.2015 07:00;1.3;691.2;97;4.0;4;0;8.0;0;0;11.9;
28.12.2015 07:00;3.2;690.1;88;3.7;2;10;10.0;0;0;10.0;
29.12.2015 07:00;2.6;690.4;93;5.0;1;0;8.0;0;0;11.2;
30.12.2015 07:00;3.9;689.2;85;3.7;2;10;10.0;0;0;14.8;
31.12.2015 07:00;4.1;687.4;95;4.5;3;50;10.0;0;0;12.7;
01.01.2016 07:00;4.7;687.8;90;5.0;2;0;10.0;0;0;13.7;
02.01.2016 07:00;5.4;686.0;85;3.0;2;0;10.0;0;0;14.2;
03.01.2016 07:00;8.3;683.4;80;3.0;5;60;8.0;0;0;13.2;
04.01.2016 07:00;10.3;679.4;84;3.7;5;60;10.0;0;0;15.5;
05.01.2016 07:00;9.7;676.3;92;3.0;6;90;10.0;0;0;13.1;
06.01.2016 07:00;4.9;676.2;84;2.8;9;90;8.0;0.8;0;6.7;
07.01.2016 07:00;3.2;682.0;88;3.7;5;40;10.0;0.1;0;15.2;
08.01.2016 07:00;6.3;682.6;76;3.0;3;0;10.0;0;0;15.4;
09.01.2016 07:00;7.3;681.4;72;1.7;3;50;10.0;0;0;15.9;
10.01.2016 07:00;5.6;682.2;56;3.0;5;25;10.0;0;0;13.1;
11.01.2016 07:00;11.0;681.4;55;3.0;9;0;10.0;0;0;15.4;
12.01.2016 07:00;10.5;683.1;78;3.8;6;60;10.0;0;0;12.8;
13.01.2016 07:00;4.2;686.7;88;0.0;0;10;15.0;0;0;13.0;
14.01.2016 07:00;4.7;685.7;77;0.0;;0;10.0;0;0;14.4;
15.01.2016 07:00;7.2;682.0;84;0.0;0;50;10.0;0;0;11.6;
16.01.2016 07:00;1.0;681.2;94;0.0;0;40;10.0;2.0;0;2.6;
17.01.2016 07:00;-1.1;685.0;86;0.0;;60;10.0;10.0;1;6.3;
18.01.2016 07:00;1.6;682.8;79;0.0;0;60;8.0;0;0;5.8;
19.01.2016 07:00;3.4;679.9;74;0.0;;50;10.0;0;0;9.5;
20.01.2016 07:00;1.3;682.0;89;0.0;;75;10.0;0.2;0;10.7;
21.01.2016 07:00;4.8;682.8;95;3.8;2;60;8.0;0;0;8.6;
22.01.2016 07:00;3.7;687.6;91;4.5;3;10;10.0;2.0;0;12.5;
23.01.2016 07:00;1.2;692.3;94;4.5;2;0;10.0;0;0;13.8;
24.01.2016 07:00;2.8;692.2;87;4.5;3;0;8.0;0;0;16.9;
25.01.2016 07:00;3.5;692.5;81;1.0;2;0;10.0;0;0;14.7;
26.01.2016 07:00;4.9;691.9;82;1.0;1;0;10.0;0;0;15.6;
27.01.2016 07:00;4.5;690.8;82;4.6;2;0;10.0;0;0;16.3;
28.01.2016 07:00;5.3;689.5;74;4.5;2;50;15.0;0;0;13.9;
29.01.2016 07:00;2.1;689.8;75;1.5;2;0;10.0;0;0;16.6;
30.01.2016 07:00;4.1;689.8;49;6.0;2;50;10.0;0;0;12.0;
31.01.2016 07:00;2.9;690.2;91;3.7;2;0;15.0;0;0;13.8;
01.02.2016 07:00;3.1;690.6;90;0.0;;25;10.0;0;0;17.4;
02.02.2016 07:00;4.0;689.9;92;4.5;2;0;8.0;0;0;17.4;
03.02.2016 07:00;6.5;687.2;77;3.7;2;0;10.0;0;0;17.4;
04.02.2016 07:00;7.3;689.6;87;4.5;6;75;10.0;0;0;9.8;
05.02.2016 07:00;-2.1;689.9;91;4.5;2;25;10.0;0;0;12.0;
06.02.2016 07:00;3.5;688.3;35;1.5;3;50;15.0;0;0;13.2;
07.02.2016 07:00;5.9;684.0;63;7.0;2;75;10.0;0;0;8.9;
08.02.2016 07:00;1.6;685.9;89;3.0;1;0;8.0;2.0;0;10.7;
09.02.2016 07:00;5.6;687.1;91;3.8;5;0;15.0;0.2;0;11.7;
10.02.2016 07:00;6.0;682.2;92;3.0;6;25;10.0;0;0;14.6;
11.02.2016 07:00;7.4;681.1;92;3.8;3;25;8.0;0;0;14.6;
12.02.2016 07:00;9.8;680.8;88;8.0;5;50;10.0;0;0;15.3;
13.02.2016 07:00;11.9;678.1;83;3.8;6;90;10.0;0;0;17.6;
14.02.2016 07:00;9.7;675.5;86;3.8;8;60;10.0;0;0;10.3;
15.02.2016 07:00;1.4;671.2;90;3.8;9;40;10.0;2.0;0;5.0;
16.02.2016 07:00;0.1;678.4;98;0.0;;100;3.0;10.0;1;5.3;
17.02.2016 07:00;-0.3;683.6;94;1.7;1;25;8.0;7.0;0;8.0;
18.02.2016 07:00;-0.7;683.2;87;3.7;3;10;10.0;0;0;7.9;
19.02.2016 07:00;0.1;683.2;87;4.5;2;0;10.0;0;0;13.2;
20.02.2016 07:00;1.6;688.0;94;4.0;4;0;8.0;0;0;14.1;
21.02.2016 07:00;6.4;690.0;64;4.0;2;50;10.0;0;0;10.6;
22.02.2016 07:00;10.7;686.4;55;4.0;3;60;10.0;0;0;21.0;
23.02.2016 07:00;7.6;683.8;70;4.5;1;40;10.0;0;0;16.2;
24.02.2016 07:00;2.6;685.1;89;4.5;2;0;15.0;0;0;14.7;
25.02.2016 07:00;6.9;680.7;58;3.0;3;0;10.0;0;0;9.2;
26.02.2016 07:00;2.4;681.1;91;3.0;1;25;10.0;0.1;0;12.7;
27.02.2016 07:00;8.9;669.5;49;3.7;8;75;10.0;0;0;4.1;
28.02.2016 07:00;0.0;668.8;87;3.8;5;60;10.0;2.0;0;5.7;
29.02.2016 07:00;1.7;674.5;94;8.0;5;90;8.0;3.0;0;7.6;
01.03.2016 07:00;3.2;683.2;86;3.7;2;25;10.0;0.2;0;10.1;
02.03.2016 07:00;3.4;684.7;91;2.8;1;0;10.0;0;0;14.4;
03.03.2016 07:00;7.2;680.3;57;2.8;2;40;10.0;0;0;13.5;
04.03.2016 07:00;1.3;679.3;76;3.7;2;0;15.0;0;0;13.5;
05.03.2016 07:00;9.0;675.0;50;3.8;5;40;10.0;0;0;13.4;
06.03.2016 07:00;2.9;674.9;80;3.8;3;75;10.0;0;0;8.8;
07.03.2016 07:00;1.1;675.9;90;3.7;3;25;15.0;4.0;0;6.1;
08.03.2016 07:00;4.2;674.2;85;8.0;2;90;10.0;0.2;0;4.0;
09.03.2016 07:00;0.8;679.9;90;0.0;0;60;15.0;3.0;0;6.6;
10.03.2016 07:00;2.8;671.6;91;1.0;3;90;8.0;1.0;0;5.3;
11.03.2016 07:00;0.8;674.3;94;8.0;2;100;8.0;5.0;1;4.0;
12.03.2016 07:00;3.1;679.0;93;2.6;5;100;8.0;13.0;0;4.5;
13.03.2016 07:00;3.1;681.4;93;6.0;2;90;8.0;4.0;0;8.8;
14.03.2016 07:00;-0.7;681.1;100;4.0;2;25;0.8;0.4;0;12.5;
15.03.2016 07:00;2.3;682.2;82;4.0;2;10;15.0;0;0;14.7;
16.03.2016 07:00;6.5;680.4;79;3.8;1;90;10.0;0;0;11.9;
17.03.2016 07:00;4.3;681.9;93;5.0;2;40;8.0;0.4;0;11.8;
18.03.2016 07:00;3.2;682.2;86;5.0;2;25;15.0;0;0;16.2;
19.03.2016 07:00;9.0;680.5;63;3.8;3;40;10.0;0;0;20.8;
20.03.2016 07:00;15.3;679.1;33;7.0;10;75;15.0;0;0;22.2;
21.03.2016 07:00;6.1;676.1;81;4.0;3;0;15.0;0;0;19.4;
22.03.2016 07:00;8.3;667.3;91;4.0;4;90;8.0;0;0;10.5;
23.03.2016 07:00;5.6;672.5;89;2.8;4;100;15.0;14.0;0;10.6;
24.03.2016 07:00;4.2;676.0;91;3.0;2;60;10.0;2.0;0;12.9;
25.03.2016 07:00;3.5;683.5;89;4.6;3;50;10.0;0;0;14.4;
26.03.2016 07:00;7.1;685.0;78;1.0;1;90;15.0;0;0;18.7;
27.03.2016 07:00;6.5;683.8;73;5.0;2;25;20.0;0;0;20.9;
28.03.2016 07:00;6.0;683.5;72;5.0;2;0;15.0;0;0;20.1;
29.03.2016 07:00;9.1;683.8;73;4.5;2;50;20.0;0;0;22.7;
30.03.2016 07:00;13.1;684.1;39;7.0;2;0;20.0;0;0;25.9;
31.03.2016 07:00;19.4;681.0;19;3.7;9;60;10.0;0;0;22.8;
01.04.2016 07:00;11.3;676.9;76;4.5;4;100;8.0;0;0;14.7;
02.04.2016 07:00;4.3;675.6;95;4.0;4;100;8.0;6.0;0;9.3;
03.04.2016 07:00;3.7;680.6;97;4.6;3;0;7.0;0;0;17.2;
04.04.2016 07:00;10.2;680.6;75;4.0;2;100;8.0;0;0;18.2;
05.04.2016 07:00;12.2;673.9;70;3.8;3;75;10.0;0;0;19.2;
06.04.2016 07:00;7.6;671.5;96;4.0;4;100;8.0;16.0;0;12.1;
07.04.2016 07:00;8.6;674.5;90;4.6;10;90;8.0;12.0;0;11.7;
08.04.2016 07:00;3.7;677.9;93;4.0;2;10;15.0;0;0;15.3;
09.04.2016 07:00;3.1;678.4;93;4.0;3;25;10.0;3.0;0;12.1;
10.04.2016 07:00;2.6;679.0;84;2.8;1;0;20.0;0;0;17.7;
11.04.2016 07:00;14.0;679.6;32;1.7;4;40;15.0;0;0;21.8;
12.04.2016 07:00;19.1;680.8;25;8.0;4;0;20.0;0;0;25.6;
13.04.2016 07:00;10.8;679.6;71;1.5;2;0;10.0;0;0;20.4;
14.04.2016 07:00;5.8;682.0;89;4.6;2;40;20.0;0;0;22.1;
15.04.2016 07:00;13.6;681.3;47;7.0;2;25;10.0;0;0;24.9;
16.04.2016 07:00;12.8;681.1;61;4.5;3;75;20.0;0;0;25.7;
17.04.2016 07:00;11.9;680.9;60;5.0;2;60;10.0;0;0;25.9;
18.04.2016 07:00;10.7;681.2;77;4.0;2;50;20.0;0;0;24.0;
19.04.2016 07:00;12.6;681.1;78;4.0;5;75;20.0;0;0;25.9;
20.04.2016 07:00;14.1;680.6;58;5.0;3;50;10.0;0;0;27.4;
21.04.2016 07:00;11.4;683.8;89;2.6;4;60;10.0;0.4;0;20.2;
22.04.2016 07:00;11.3;683.5;94;4.0;3;75;10.0;0;0;22.9;
23.04.2016 07:00;10.5;681.1;78;4.6;2;40;20.0;0;0;22.3;
24.04.2016 07:00;11.0;678.7;76;4.0;2;75;15.0;0;0;20.2;
25.04.2016 07:00;6.8;680.3;88;4.5;2;10;20.0;0;0;17.3;
26.04.2016 07:00;6.3;680.2;85;4.5;2;40;20.0;0;0;22.2;
27.04.2016 07:00;12.4;678.5;62;4.5;2;10;20.0;0;0;25.2;
28.04.2016 07:00;14.3;677.4;82;0.0;0;90;10.0;0;0;25.2;
29.04.2016 07:00;10.9;680.4;84;4.0;4;75;10.0;0;0;22.7;
30.04.2016 07:00;13.0;679.7;63;3.8;3;50;15.0;0;0;23.9;
01.05.2016 07:00;8.6;682.7;81;4.6;3;10;20.0;0;0;17.2;
02.05.2016 07:00;3.8;683.2;55;1.7;1;10;15.0;0;0;17.4;
03.05.2016 07:00;5.9;684.9;61;4.0;2;0;20.0;0;0;19.9;
04.05.2016 07:00;8.0;684.0;70;4.0;2;60;20.0;0;0;26.2;
05.05.2016 07:00;12.2;680.7;65;4.6;2;50;15.0;0;0;22.9;
06.05.2016 07:00;13.6;678.7;97;3.0;3;90;15.0;9.0;0;23.9;
07.05.2016 07:00;12.3;675.0;96;4.5;2;90;10.0;8.0;0;13.6;
08.05.2016 07:00;10.0;676.8;88;4.6;1;75;15.0;7.0;0;22.3;
09.05.2016 07:00;17.6;677.1;54;3.0;7;75;10.0;0;0;22.9;
10.05.2016 07:00;15.1;678.7;73;4.6;3;10;10.0;0;0;28.0;
11.05.2016 07:00;15.6;676.3;73;6.0;2;25;10.0;0;0;25.2;
12.05.2016 07:00;11.0;677.4;75;3.0;3;75;15.0;0.4;0;19.5;
13.05.2016 07:00;9.9;679.4;90;3.0;3;90;10.0;1.0;0;13.4;
14.05.2016 07:00;9.2;679.9;78;0.0;0;10;20.0;2.0;0;17.4;
15.05.2016 07:00;9.1;683.8;76;1.7;2;10;20.0;0;0;21.1;
16.05.2016 07:00;11.4;684.4;74;4.0;4;50;20.0;0;0;24.2;
17.05.2016 07:00;11.9;682.9;73;4.0;4;10;20.0;0;0;25.1;
18.05.2016 07:00;17.7;680.4;53;5.0;2;100;10.0;0;0;25.3;
19.05.2016 07:00;13.8;680.8;83;5.0;3;25;15.0;2.0;0;26.9;
20.05.2016 07:00;10.6;683.4;77;4.6;3;25;15.0;0;0;20.0;
21.05.2016 07:00;9.9;684.1;83;0.0;0;0;15.0;0;0;23.2;
22.05.2016 07:00;16.4;683.6;46;3.7;2;0;20.0;0;0;28.4;
23.05.2016 07:00;17.3;684.0;57;4.5;2;25;20.0;0;0;27.2;
24.05.2016 07:00;14.1;682.7;86;1.0;1;0;10.0;0;0;29.3;
25.05.2016 07:00;23.9;680.6;28;3.7;4;40;15.0;0;0;32.9;
26.05.2016 07:00;26.0;681.6;28;3.7;1;0;15.0;0;0;36.1;
27.05.2016 07:00;28.9;681.7;15;3.7;5;25;10.0;0;0;38.0;
28.05.2016 07:00;21.2;682.7;50;4.0;3;90;15.0;0;0;28.0;
29.05.2016 07:00;16.3;683.2;53;0.0;0;25;15.0;0;0;25.1;
30.05.2016 07:00;12.7;682.9;70;4.0;4;10;20.0;0;0;26.2;
31.05.2016 07:00;14.6;681.6;81;1.5;8;60;10.0;1.0;0;19.7;
01.06.2016 07:00;11.1;683.0;100;4.0;4;0;0.2;5.0;0;22.9;
02.06.2016 07:00;13.2;682.6;82;5.0;1;25;20.0;0;0;25.7;
03.06.2016 07:00;18.8;679.9;54;5.0;2;40;15.0;0;0;27.8;
04.06.2016 07:00;16.8;680.1;84;4.6;3;50;15.0;2.0;0;30.6;
05.06.2016 07:00;15.2;681.2;85;4.0;4;10;15.0;1.0;0;27.7;
06.06.2016 07:00;16.1;682.9;85;4.0;3;0;10.0;0;0;28.9;
07.06.2016 07:00;20.9;685.1;51;7.0;4;10;15.0;0;0;31.1;
08.06.2016 07:00;17.1;685.8;64;4.0;3;0;20.0;0;0;31.4;
09.06.2016 07:00;18.6;683.1;45;0.0;0;0;20.0;0;0;31.9;
10.06.2016 07:00;19.7;680.3;40;4.0;3;25;20.0;0;0;33.7;
11.06.2016 07:00;23.6;680.5;38;5.0;1;10;10.0;0;0;34.1;
12.06.2016 07:00;21.6;682.3;49;5.0;3;10;15.0;0;0;31.0;
13.06.2016 07:00;19.4;681.1;55;1.5;3;50;20.0;0;0;30.3;
14.06.2016 07:00;20.8;679.4;44;1.0;1;0;25.0;0;0;32.4;
15.06.2016 07:00;22.7;677.3;48;0.0;0;0;20.0;0;0;35.0;
16.06.2016 07:00;19.8;676.1;49;2.0;4;25;20.0;0;0;28.4;
17.06.2016 07:00;15.3;682.6;67;4.6;3;75;10.0;0;0;27.6;
18.06.2016 07:00;16.9;683.8;79;4.0;3;0;10.0;0;0;30.5;
19.06.2016 07:00;15.2;686.4;69;4.6;4;75;15.0;0;0;23.3;
20.06.2016 07:00;12.1;687.1;72;4.0;3;10;20.0;0;0;23.2;
21.06.2016 07:00;11.9;686.5;76;4.0;5;0;20.0;0;0;26.0;
22.06.2016 07:00;15.6;685.4;67;4.0;4;0;20.0;0;0;28.2;
23.06.2016 07:00;16.8;684.8;67;4.6;2;0;20.0;0;0;32.1;
24.06.2016 07:00;19.2;685.0;52;4.0;3;0;20.0;0;0;32.7;
25.06.2016 07:00;20.2;683.0;49;4.6;3;0;20.0;0;0;34.9;
26.06.2016 07:00;21.4;682.8;43;4.6;4;25;15.0;0;0;35.0;
27.06.2016 07:00;19.3;685.6;77;4.6;2;90;10.0;3.0;0;28.8;
28.06.2016 07:00;21.2;685.2;64;4.0;3;10;15.0;0;0;33.5;
29.06.2016 07:00;27.3;682.3;32;1.0;5;90;10.0;0;0;32.0;
30.06.2016 07:00;22.7;681.1;50;4.6;1;0;10.0;0;0;33.9;
01.07.2016 07:00;20.4;683.5;50;4.5;3;0;20.0;0;0;35.1;
02.07.2016 07:00;21.2;683.2;58;4.0;4;0;20.0;0;0;35.7;
03.07.2016 07:00;21.4;685.2;46;6.0;4;0;20.0;0;0;35.4;
04.07.2016 07:00;25.8;683.6;35;3.7;3;60;2.0;0;0;37.1;
05.07.2016 07:00;27.4;682.9;32;1.7;4;40;10.0;2.0;0;36.1;
06.07.2016 07:00;21.1;683.8;61;4.6;3;0;10.0;0;0;34.7;
07.07.2016 07:00;20.2;684.7;51;4.0;4;25;10.0;0;0;35.7;
08.07.2016 07:00;25.7;684.8;39;3.0;2;50;10.0;0;0;36.6;
09.07.2016 07:00;24.7;685.0;41;3.8;2;75;10.0;0;0;35.3;
10.07.2016 07:00;25.9;682.6;34;3.7;3;0;20.0;0;0;36.0;
11.07.2016 07:00;22.2;681.8;52;4.6;2;0;15.0;0;0;
12.07.2016 07:00;22.1;682.0;53;4.0;1;0;15.0;0;0;38.1;
13.07.2016 07:00;22.1;681.6;40;4.5;2;0;20.0;0;0;34.9;
14.07.2016 07:00;18.9;684.4;83;4.0;6;90;15.0;0;0;28.5;
15.07.2016 07:00;15.7;685.8;74;4.5;3;0;15.0;0;0;25.4;
16.07.2016 07:00;11.4;686.5;63;4.0;2;0;20.0;0;0;27.2;
17.07.2016 07:00;17.7;684.7;58;4.0;2;0;20.0;0;0;30.7;
18.07.2016 07:00;22.5;685.2;35;2.0;1;0;20.0;0;0;32.8;
19.07.2016 07:00;20.9;684.7;45;4.5;3;0;15.0;0;0;35.4;
20.07.2016 07:00;20.3;684.8;45;4.6;3;0;20.0;0;0;35.0;
21.07.2016 07:00;18.8;684.6;23;4.6;2;0;15.0;0;0;35.9;
22.07.2016 07:00;25.5;682.1;25;4.5;1;25;20.0;0;0;36.8;
23.07.2016 07:00;22.5;682.4;37;1.5;1;10;10.0;0;0;34.9;
24.07.2016 07:00;17.7;683.5;74;4.0;5;0;20.0;0;0;31.7;
25.07.2016 07:00;16.7;684.4;68;4.0;3;10;15.0;0;0;31.3;
26.07.2016 07:00;16.7;685.6;72;4.6;3;0;20.0;0;0;30.6;
27.07.2016 07:00;20.5;685.1;54;4.0;4;0;20.0;0;0;32.4;
28.07.2016 07:00;20.0;684.7;43;4.0;2;0;20.0;0;0;35.5;
29.07.2016 07:00;22.2;684.0;45;1.5;3;0;10.0;0;0;37.5;
30.07.2016 07:00;22.8;684.2;45;4.5;2;0;20.0;0;0;37.4;
31.07.2016 07:00;23.4;684.4;31;4.0;1;0;10.0;0;0;38.7;
01.08.2016 07:00;24.2;686.2;48;2.0;2;90;15.0;0.5;0;36.2;
02.08.2016 07:00;21.6;685.5;59;5.0;3;0;20.0;0.5;0;35.6;
03.08.2016 07:00;18.2;685.0;56;4.6;3;0;20.0;0;0;34.4;
04.08.2016 07:00;20.4;683.3;30;4.5;1;0;20.0;0;0;36.2;
05.08.2016 07:00;22.6;682.6;34;5.0;2;0;20.0;0;0;35.6;
06.08.2016 07:00;19.6;685.6;73;5.0;4;10;15.0;0;0;30.2;
07.08.2016 07:00;14.1;686.5;75;4.0;5;0;20.0;0;0;28.8;
08.08.2016 07:00;15.7;685.7;66;4.0;5;0;20.0;0;0;28.6;
09.08.2016 07:00;16.8;684.7;68;4.6;3;0;20.0;0;0;32.4;
10.08.2016 07:00;23.0;681.2;45;4.0;2;25;15.0;0;0;31.8;
11.08.2016 07:00;17.4;684.8;77;4.0;4;75;15.0;0;0;24.4;
12.08.2016 07:00;15.8;687.0;69;4.0;3;10;15.0;0;0;27.8;
13.08.2016 07:00;14.7;686.0;79;4.0;5;0;15.0;0;0;28.8;
14.08.2016 07:00;17.4;685.5;64;4.0;3;0;15.0;0;0;30.6;
15.08.2016 07:00;20.7;684.7;54;0.0;0;0;20.0;0;0;32.6;
16.08.2016 07:00;19.6;684.0;60;2.0;1;0;10.0;0;0;34.3;
17.08.2016 07:00;21.1;682.2;51;2.0;3;60;15.0;0;0;32.3;
18.08.2016 07:00;18.1;681.4;49;4.0;3;40;15.0;0;0;33.1;
19.08.2016 07:00;20.6;682.1;50;1.5;1;0;10.0;0;0;34.5;
20.08.2016 07:00;22.9;682.5;40;4.5;1;0;10.0;0;0;37.4;
21.08.2016 07:00;21.7;684.4;39;4.0;3;0;15.0;0;0;35.6;
22.08.2016 07:00;18.2;686.8;80;4.5;4;0;20.0;0;0;32.3;
23.08.2016 07:00;15.0;685.6;75;4.6;3;0;10.0;0;0;32.2;
24.08.2016 07:00;14.3;685.0;81;4.0;4;0;20.0;0;0;30.6;
25.08.2016 07:00;15.9;682.6;74;4.6;2;0;15.0;0;0;31.2;
26.08.2016 07:00;19.6;683.3;51;4.6;2;0;20.0;0;0;31.7;
27.08.2016 07:00;19.3;684.7;55;4.6;3;0;15.0;0;0;33.3;
28.08.2016 07:00;19.1;685.9;73;4.0;3;0;15.0;0;0;36.5;
29.08.2016 07:00;20.6;686.0;34;4.0;2;0;15.0;0;0;36.3;
30.08.2016 07:00;20.7;683.8;53;5.0;2;0;10.0;2.0;0;34.6;
31.08.2016 07:00;19.4;683.8;73;4.6;2;0;10.0;0;0;35.4;
01.09.2016 07:00;19.4;685.6;65;4.6;3;75;10.0;0;0;31.9;
02.09.2016 07:00;18.2;686.3;83;4.0;3;25;15.0;0;0;24.0;
03.09.2016 07:00;15.5;686.2;73;4.0;3;0;20.0;0.2;0;30.9;
04.09.2016 07:00;17.3;686.5;54;4.6;3;10;20.0;0;0;32.8;
05.09.2016 07:00;17.4;687.7;54;4.0;3;75;15.0;0;0;34.1;
06.09.2016 07:00;18.6;684.7;40;4.5;2;10;15.0;0;0;32.8;
07.09.2016 07:00;14.8;682.5;90;4.0;2;10;20.0;0;0;29.6;
08.09.2016 07:00;14.8;682.2;76;0.0;0;10;20.0;0;0;31.2;
09.09.2016 07:00;16.2;682.9;58;4.5;2;0;20.0;0;0;30.0;
10.09.2016 07:00;17.5;682.9;62;0.0;0;0;20.0;0;0;31.8;
11.09.2016 07:00;17.3;682.6;83;4.0;3;10;20.0;0;0;30.0;
12.09.2016 07:00;15.7;683.5;85;4.0;4;10;15.0;0;0;30.1;
13.09.2016 07:00;20.9;682.0;75;3.7;2;60;15.0;0;0;32.0;
14.09.2016 07:00;19.5;681.6;71;4.6;2;90;8.0;0.3;0;29.8;
15.09.2016 07:00;17.6;682.3;84;4.6;5;60;10.0;1.0;0;29.1;
16.09.2016 07:00;17.6;683.8;86;4.6;4;100;8.0;0;0;26.3;
17.09.2016 07:00;13.6;684.6;80;4.0;3;25;15.0;0;0;26.1;
18.09.2016 07:00;13.6;682.9;90;4.0;3;10;10.0;0;0;27.1;
19.09.2016 07:00;11.4;683.4;86;4.5;2;40;15.0;0;0;24.2;
20.09.2016 07:00;12.3;682.8;76;4.6;3;60;10.0;0;0;22.1;
21.09.2016 07:00;11.7;683.5;90;4.0;2;10;15.0;1.0;0;24.9;
22.09.2016 07:00;13.1;684.7;65;0.0;0;25;15.0;0;0;28.8;
23.09.2016 07:00;15.1;686.3;92;4.5;3;75;10.0;2.0;0;23.3;
24.09.2016 07:00;13.8;686.2;96;4.6;1;40;10.0;5.0;0;25.2;
25.09.2016 07:00;10.6;684.4;87;4.5;4;0;15.0;0.2;0;24.5;
26.09.2016 07:00;11.2;684.6;95;4.0;2;40;10.0;0;0;23.6;
27.09.2016 07:00;12.9;685.8;90;4.0;2;60;15.0;0;0;23.7;
28.09.2016 07:00;14.1;686.2;74;4.5;1;75;10.0;0;0;21.1;
29.09.2016 07:00;11.6;688.2;92;4.0;4;25;10.0;0;0;22.7;
30.09.2016 07:00;14.5;684.7;90;0.0;0;90;8.0;0.4;0;21.5;
01.10.2016 07:00;16.2;682.3;83;0.0;0;75;10.0;0.1;0;25.8;
02.10.2016 07:00;15.4;682.5;80;4.5;2;40;10.0;0;0;
03.10.2016 07:00;13.8;685.0;89;4.0;3;0;10.0;0;0;29.4;
04.10.2016 07:00;15.1;685.2;93;4.6;2;10;8.0;0;0;29.4;
05.10.2016 07:00;17.1;683.8;86;4.6;4;60;10.0;0;0;22.2;
06.10.2016 07:00;16.5;682.2;79;3.0;5;100;8.0;2.0;0;25.2;
07.10.2016 07:00;15.4;681.1;73;0.0;0;0;10.0;0.5;0;27.9;
08.10.2016 07:00;14.7;683.4;54;4.5;2;50;15.0;0;0;28.7;
09.10.2016 07:00;14.8;683.9;92;2.8;3;90;10.0;3.0;0;23.2;
10.10.2016 07:00;13.1;682.2;87;2.6;2;50;10.0;6.0;0;19.7;
11.10.2016 07:00;9.4;681.7;89;4.0;2;25;15.0;0;0;22.3;
12.10.2016 07:00;11.7;679.3;79;4.0;2;0;10.0;0;0;25.1;
13.10.2016 07:00;19.6;675.7;47;3.8;3;75;6.0;0;0;26.7;
14.10.2016 07:00;12.9;675.6;65;2.8;3;60;10.0;0;0;20.8;
15.10.2016 07:00;10.2;681.9;74;1.0;1;0;20.0;0;0;21.8;
16.10.2016 07:00;10.3;684.6;83;4.0;3;10;10.0;0;0;25.9;
17.10.2016 07:00;12.8;686.8;52;0.0;0;25;15.0;0;0;26.5;
18.10.2016 07:00;13.9;686.5;50;0.0;0;25;10.0;0;0;26.6;
19.10.2016 07:00;14.8;685.7;86;5.0;2;90;10.0;0;0;24.4;
20.10.2016 07:00;13.8;681.9;85;5.0;3;50;10.0;2.0;0;22.8;
21.10.2016 07:00;14.6;681.0;79;2.6;1;100;10.0;1.0;0;22.0;
22.10.2016 07:00;14.9;680.8;70;3.0;2;60;10.0;0.1;0;22.7;
23.10.2016 07:00;17.4;680.4;60;5.0;1;75;10.0;2.0;0;27.8;
24.10.2016 07:00;17.3;682.3;42;3.0;3;40;10.0;0;0;28.1;
25.10.2016 07:00;24.2;686.5;26;3.7;5;90;10.0;0;0;29.4;
26.10.2016 07:00;18.6;687.7;38;0.0;0;40;10.0;0;0;30.2;
27.10.2016 07:00;15.7;687.1;42;4.5;2;40;10.0;0;0;25.8;
28.10.2016 07:00;12.9;688.0;80;4.5;2;90;10.0;0;0;20.8;
29.10.2016 07:00;9.9;688.3;86;4.6;3;60;15.0;0;0;20.0;
30.10.2016 07:00;7.1;686.1;92;1.0;2;0;10.0;0;0;19.6;
31.10.2016 07:00;6.7;685.3;91;4.0;3;0;10.0;0;0;19.6;
01.11.2016 07:00;8.2;686.8;82;0.0;0;0;10.0;0;0;21.8;
02.11.2016 07:00;10.5;686.5;56;4.5;2;0;15.0;0;0;21.8;
03.11.2016 07:00;8.6;684.1;76;5.0;2;0;10.0;0;0;23.2;
04.11.2016 07:00;10.4;685.9;52;4.0;1;0;10.0;;0;23.9;
05.11.2016 07:00;14.1;684.0;41;3.7;4;40;10.0;0;0;22.8;
06.11.2016 07:00;16.9;679.2;34;3.8;7;40;10.0;;0;20.3;
07.11.2016 07:00;11.9;677.5;90;3.0;2;100;8.0;2.0;0;11.6;
08.11.2016 07:00;5.7;676.9;90;3.0;5;90;10.0;20.0;0;7.4;
09.11.2016 07:00;6.1;684.0;80;2.8;2;10;10.0;0.3;0;11.0;
10.11.2016 07:00;8.5;685.3;65;3.0;5;90;10.0;0;0;13.6;
11.11.2016 07:00;6.6;685.9;95;0.0;0;0;8.0;0;0;15.5;
12.11.2016 07:00;6.6;685.6;94;7.0;2;0;10.0;0;0;16.6;
13.11.2016 07:00;6.4;685.8;86;4.0;1;10;10.0;0;0;16.1;
14.11.2016 07:00;7.8;684.4;83;7.0;2;40;15.0;0;0;16.2;
15.11.2016 07:00;7.4;682.3;94;4.0;4;90;8.0;0;0;10.3;
16.11.2016 07:00;8.7;681.8;96;5.0;2;90;10.0;3.0;0;14.4;
17.11.2016 07:00;5.7;681.2;97;6.0;3;75;8.0;2.0;0;14.3;
18.11.2016 07:00;6.4;681.4;95;4.5;2;10;10.0;1.0;0;15.8;
19.11.2016 07:00;6.0;681.0;95;6.0;2;25;8.0;0;0;15.3;
20.11.2016 07:00;6.2;681.2;93;1.5;2;10;10.0;0;0;16.6;
21.11.2016 07:00;7.0;680.1;76;4.5;1;10;10.0;0;0;16.2;
22.11.2016 07:00;11.2;680.2;73;0.0;0;60;10.0;0;0;17.0;
23.11.2016 07:00;13.2;677.8;53;3.0;4;25;10.0;0;0;16.4;
24.11.2016 07:00;7.2;677.8;89;0.0;0;40;10.0;0;0;14.3;
25.11.2016 07:00;3.9;680.2;83;5.0;2;0;10.0;0;0;13.2;
26.11.2016 07:00;2.7;680.5;77;4.6;2;40;10.0;0;0;14.2;
27.11.2016 07:00;5.2;678.2;85;0.0;0;25;10.0;0;0;12.8;
28.11.2016 07:00;5.1;676.4;90;7.0;1;75;10.0;0;0;10.2;
29.11.2016 07:00;6.3;680.8;90;3.8;1;60;8.0;6.0;0;13.6;
30.11.2016 07:00;2.7;688.5;93;7.0;2;10;10.0;0;0;15.1;
01.12.2016 07:00;4.4;689.3;93;4.5;2;40;8.0;0;0;11.4;
02.12.2016 07:00;5.7;684.9;90;1.5;2;40;10.0;0;0;13.0;
03.12.2016 07:00;4.9;680.9;94;1.7;1;50;10.0;0;0;13.3;
04.12.2016 07:00;7.9;681.4;87;3.8;2;90;8.0;0;0;12.8;
05.12.2016 07:00;8.4;682.3;76;1.5;2;60;10.0;1.0;0;12.5;
06.12.2016 07:00;7.5;684.3;81;7.0;2;25;10.0;0;0;14.8;
07.12.2016 07:00;8.4;685.6;90;4.0;2;90;8.0;0.1;0;13.7;
08.12.2016 07:00;7.9;689.0;99;4.5;2;90;8.0;3.0;0;14.7;
09.12.2016 07:00;7.3;691.3;100;4.0;3;0;0.2;0;0;15.2;
10.12.2016 07:00;5.9;690.1;95;4.0;2;50;8.0;0;0;13.6;
11.12.2016 07:00;5.9;687.8;94;1.0;2;0;8.0;0;0;15.0;
12.12.2016 07:00;4.1;685.9;93;5.0;2;0;10.0;0;0;15.1;
13.12.2016 07:00;2.2;686.4;95;4.0;2;25;8.0;0;0;13.8;
14.12.2016 07:00;3.2;686.9;93;0.0;0;25;10.0;0;0;12.1;
15.12.2016 07:00;3.7;684.1;92;1.7;1;60;10.0;0;0;11.8;
16.12.2016 07:00;4.4;682.9;93;4.5;2;50;10.0;0;0;10.7;
17.12.2016 07:00;7.9;684.1;91;4.0;4;90;8.0;0.4;0;9.6;
18.12.2016 07:00;7.4;686.6;91;5.0;5;90;8.0;0.6;0;11.3;
19.12.2016 07:00;11.1;678.5;70;4.5;5;90;8.0;0;0;12.3;
20.12.2016 07:00;5.2;677.5;95;3.0;10;60;0.2;3.0;0;6.9;
21.12.2016 07:00;6.6;682.3;88;3.8;4;90;8.0;0.8;0;9.1;
22.12.2016 07:00;6.1;685.9;100;3.7;2;0;0.2;0;0;12.6;
23.12.2016 07:00;4.2;692.0;95;4.5;2;40;8.0;0;0;11.9;
24.12.2016 07:00;4.7;693.4;93;4.0;2;10;10.0;0;0;11.3;
25.12.2016 07:00;3.2;692.8;100;0.0;0;0;0.2;0;0;12.3;
26.12.2016 07:00;3.1;690.8;86;4.0;2;0;10.0;0;0;14.7;
27.12.2016 07:00;3.7;691.3;89;0.0;0;0;8.0;0;0;12.6;
28.12.2016 07:00;4.2;690.7;95;4.5;2;25;10.0;0;0;12.1;
29.12.2016 07:00;0.2;691.3;94;4.5;2;0;8.0;0;0;12.8;
30.12.2016 07:00;2.7;691.7;95;0.0;0;90;10.0;0;0;10.2;
31.12.2016 07:00;5.3;689.5;90;4.6;3;75;8.0;0;0;9.4;
01.01.2017 07:00;1.1;687.9;92;4.6;2;90;10.0;0;0;10.2;
02.01.2017 07:00;0.6;686.2;92;3.0;2;0;8.0;0;0;9.4;
03.01.2017 07:00;2.7;685.9;71;3.0;5;10;10.0;0;0;10.8;
04.01.2017 07:00;2.7;685.6;63;0.0;0;0;8.0;0;0;12.8;
05.01.2017 07:00;3.7;683.6;95;4.5;1;0;10.0;0;0;12.3;
06.01.2017 07:00;2.5;684.8;84;4.6;6;40;8.0;0;0;6.7;
07.01.2017 07:00;0.0;688.2;87;4.5;1;50;10.0;0.1;0;9.8;
08.01.2017 07:00;1.2;687.5;84;0.0;0;0;8.0;0;0;10.8;
09.01.2017 07:00;2.9;682.9;82;0.0;;60;8.0;0;0;11.1;
10.01.2017 07:00;-0.3;681.7;96;0.0;0;10;8.0;0.3;0;7.6;
11.01.2017 07:00;1.3;676.0;94;4.6;6;100;7.0;3.0;0;6.8;
12.01.2017 07:00;1.5;686.4;97;4.5;2;25;7.0;0.2;0;9.0;
13.01.2017 07:00;2.4;683.6;93;3.0;6;40;10.0;0;0;8.1;
14.01.2017 07:00;2.8;681.7;87;2.6;2;60;8.0;0;0;5.9;
15.01.2017 07:00;-0.4;682.4;81;2.0;3;25;10.0;0;0;3.9;
16.01.2017 07:00;0.8;680.2;88;2.0;4;25;8.0;0.5;1;5.9;
17.01.2017 07:00;0.8;674.8;94;2.6;2;50;8.0;50.0;0;
18.01.2017 07:00;-1.6;677.2;96;2.8;2;75;3.0;6.0;1;2.4;;
20.01.2017 07:00;1.1;679.9;77;4.0;3;25;10.0;0;0;8.2;
21.01.2017 07:00;1.7;672.7;97;3.7;2;90;8.0;4.0;0;2.2;
22.01.2017 07:00;2.4;673.2;89;7.0;4;90;10.0;1.0;0;5.9;
23.01.2017 07:00;1.7;676.3;97;3.8;2;40;0.2;1.0;0;4.8;
24.01.2017 07:00;3.3;677.2;93;3.8;4;90;8.0;0.7;0;5.9;
25.01.2017 07:00;3.4;683.3;97;8.0;2;60;8.0;8.0;0;8.4;
26.01.2017 07:00;3.3;684.1;86;2.8;1;0;8.0;0;0;11.1;
27.01.2017 07:00;4.6;684.1;66;2.6;2;25;8.0;0;0;8.7;
28.01.2017 07:00;3.3;680.3;93;3.8;8;90;8.0;0.4;0;5.4;
29.01.2017 07:00;4.3;684.7;95;4.0;2;90;8.0;5.0;0;9.6;
30.01.2017 07:00;1.3;686.5;97;4.5;2;10;8.0;0;0;10.4;
31.01.2017 07:00;2.9;685.1;91;3.0;3;25;10.0;0;0;12.6;
01.02.2017 07:00;4.8;684.4;81;3.8;3;0;8.0;0;0;11.8;
02.02.2017 07:00;3.8;684.9;80;7.0;2;25;10.0;0;0;12.9;
03.02.2017 07:00;5.3;685.0;82;3.0;3;0;8.0;0;0;13.3;
04.02.2017 07:00;6.9;685.4;88;3.0;6;75;10.0;0;0;12.4;
05.02.2017 07:00;6.8;683.5;93;3.0;7;40;8.0;0;0;9.6;
06.02.2017 07:00;1.0;683.5;94;2.6;2;100;0.2;9.0;0;6.6;
07.02.2017 07:00;9.0;683.2;83;2.6;4;60;10.0;0;0;12.8;
08.02.2017 07:00;8.2;681.7;78;8.0;5;90;8.0;0;0;6.4;
09.02.2017 07:00;1.8;680.9;89;8.0;3;50;8.0;2.0;0;6.1;
10.02.2017 07:00;-1.7;680.8;89;4.6;2;60;10.0;0;0;9.1;
11.02.2017 07:00;3.9;681.1;62;3.0;4;40;10.0;0;0;13.4;
12.02.2017 07:00;5.7;680.5;43;0.0;0;40;10.0;0;0;11.6;
13.02.2017 07:00;11.8;681.5;26;3.7;8;10;10.0;0;0;18.9;
14.02.2017 07:00;5.0;684.1;85;2.6;2;25;10.0;0;0;16.1;
15.02.2017 07:00;7.1;688.7;89;4.0;4;40;8.0;0;0;14.2;
16.02.2017 07:00;2.4;689.8;95;4.6;3;10;10.0;0;0;15.9;
17.02.2017 07:00;3.5;687.6;89;4.5;2;0;8.0;0;0;17.1;
18.02.2017 07:00;5.3;684.3;100;4.0;3;0;0.2;0;0;13.4;
19.02.2017 07:00;2.5;682.7;100;4.6;2;0;0.2;0;0;13.1;
20.02.2017 07:00;5.0;685.3;94;4.0;2;60;8.0;0.3;0;13.6;
21.02.2017 07:00;4.3;685.3;93;4.5;1;0;8.0;0;0;17.0;
22.02.2017 07:00;8.4;685.7;70;3.7;3;90;10.0;0;0;16.7;
23.02.2017 07:00;15.6;684.0;51;1.5;4;50;8.0;0;0;18.1;
24.02.2017 07:00;14.2;677.7;43;3.0;3;40;8.0;0;0;17.9;
25.02.2017 07:00;8.3;679.7;84;2.6;3;50;8.0;0;0;11.2;
26.02.2017 07:00;4.7;682.9;85;4.6;2;60;10.0;0;0;11.4;
27.02.2017 07:00;1.8;683.2;91;0.0;0;0;8.0;0;0;13.9;
28.02.2017 07:00;5.2;681.8;79;3.0;2;25;10.0;0;0;13.3;
01.03.2017 07:00;4.8;682.9;79;1.5;2;10;10.0;0;0;16.6;
02.03.2017 07:00;5.4;684.1;87;4.5;2;0;10.0;;0;18.3;
03.03.2017 07:00;7.9;681.6;65;0.0;0;0;10.0;;0;19.9;
04.03.2017 07:00;7.9;679.4;50;3.8;6;40;10.0;;0;12.2;
05.03.2017 07:00;9.8;681.1;67;3.8;2;75;10.0;;0;13.9;
06.03.2017 07:00;7.1;685.3;87;1.0;2;25;10.0;;0;16.6;
07.03.2017 07:00;11.3;684.4;32;1.5;4;60;10.0;0;0;17.9;
08.03.2017 07:00;11.0;684.8;64;4.6;6;90;10.0;0;0;11.7;
09.03.2017 07:00;5.1;687.6;94;0.0;0;25;10.0;0;0;20.1;
10.03.2017 07:00;7.0;686.0;58;0.0;0;0;10.0;0;0;23.7;
11.03.2017 07:00;7.3;683.2;43;4.0;2;0;10.0;0;0;22.9;
12.03.2017 07:00;7.9;681.9;51;4.6;2;40;10.0;0;0;21.0;
13.03.2017 07:00;9.8;678.4;70;5.0;1;40;10.0;0;0;20.6;
14.03.2017 07:00;9.4;684.1;90;4.0;6;90;8.0;0;0;17.9;
15.03.2017 07:00;7.5;684.1;88;4.0;4;50;8.0;0;0;16.8;
16.03.2017 07:00;1.6;683.9;91;5.0;2;10;10.0;0;0;12.4;
17.03.2017 07:00;-0.4;685.2;94;4.0;2;0;8.0;0;0;15.8;
18.03.2017 07:00;4.2;685.7;67;5.0;1;10;10.0;0;0;16.8;
19.03.2017 07:00;5.2;683.7;53;0.0;0;0;10.0;0;0;19.8;
20.03.2017 07:00;8.3;679.9;37;0.0;0;50;10.0;0;0;18.3;
21.03.2017 07:00;7.4;679.2;47;4.0;1;60;10.0;0;0;18.8;
22.03.2017 07:00;6.9;681.3;88;0.0;0;60;10.0;0;0;17.8;
23.03.2017 07:00;10.6;679.8;65;3.7;5;25;10.0;0;0;19.4;
24.03.2017 07:00;13.2;678.1;56;1.7;9;60;8.0;0;0;16.8;
25.03.2017 07:00;-0.6;682.4;92;5.0;2;0;10.0;2.0;0;13.8;
26.03.2017 07:00;4.3;683.3;82;4.0;4;40;10.0;0;0;20.6;
27.03.2017 07:00;10.8;682.4;38;0.0;0;50;10.0;0;0;20.7;
28.03.2017 07:00;5.4;685.6;88;4.5;2;25;10.0;0;0;17.3;
29.03.2017 07:00;4.4;687.3;88;4.6;1;25;10.0;0;0;16.9;
30.03.2017 07:00;3.6;688.2;75;0.0;0;0;10.0;0;0;18.0;
31.03.2017 07:00;7.1;687.1;46;3.7;2;25;10.0;0;0;19.7;
01.04.2017 07:00;9.8;682.9;67;5.0;2;25;10.0;0;0;19.2;
02.04.2017 07:00;4.6;682.0;79;0.0;0;0;15.0;0;0;14.7;
03.04.2017 07:00;3.6;682.9;88;5.0;2;0;10.0;0;0;14.3;
04.04.2017 07:00;4.6;684.6;93;4.6;3;25;10.0;1.0;0;16.9;
05.04.2017 07:00;3.4;683.8;89;4.0;3;0;10.0;0;0;18.9;
06.04.2017 07:00;6.5;679.9;83;2.6;6;90;8.0;2.0;0;13.7;
07.04.2017 07:00;6.2;680.5;83;4.6;2;75;8.0;0;0;12.2;
08.04.2017 07:00;7.5;682.1;88;4.0;3;90;10.0;0;0;11.0;
09.04.2017 07:00;7.7;684.4;90;4.0;3;75;10.0;2.0;0;14.1;
10.04.2017 07:00;4.8;686.2;100;4.0;2;0;0.2;0;0;17.5;
11.04.2017 07:00;5.3;684.3;81;4.0;3;0;10.0;0;0;20.4;
12.04.2017 07:00;5.7;684.8;83;4.6;3;0;10.0;0;0;20.9;
13.04.2017 07:00;7.8;683.9;79;0.0;0;0;10.0;0;0;22.7;
14.04.2017 07:00;12.8;683.6;52;1.7;1;0;10.0;0;0;26.2;
15.04.2017 07:00;11.5;683.7;55;4.0;3;0;15.0;0;0;26.5;
16.04.2017 07:00;12.2;683.7;69;4.0;5;0;15.0;0;0;21.9;
17.04.2017 07:00;6.7;684.1;76;4.0;1;60;10.0;0;0;23.8;
18.04.2017 07:00;14.4;681.4;47;5.0;2;40;10.0;0;0;27.0;
19.04.2017 07:00;11.7;680.7;69;4.0;5;60;10.0;0;0;22.0;
20.04.2017 07:00;8.1;682.2;86;4.0;3;40;8.0;0;0;15.7;
21.04.2017 07:00;8.5;684.5;91;4.0;6;100;8.0;0;0;10.2;
22.04.2017 07:00;2.8;687.1;86;4.0;3;40;10.0;0;0;17.3;
23.04.2017 07:00;6.2;684.4;53;0.0;0;40;10.0;0;0;19.4;
24.04.2017 07:00;10.3;682.3;40;5.0;1;0;15.0;0;0;24.3;
25.04.2017 07:00;11.4;679.9;53;5.0;2;60;10.0;0;0;26.2;
26.04.2017 07:00;15.3;678.3;48;4.5;1;60;10.0;0;0;25.1;
27.04.2017 07:00;14.2;678.4;68;5.0;1;75;10.0;1.0;0;24.3;
28.04.2017 07:00;11.7;677.8;76;4.5;6;40;10.0;0;0;16.6;
29.04.2017 07:00;9.6;679.3;90;3.7;4;90;10.0;0;0;21.5;
30.04.2017 07:00;13.1;680.7;79;0.0;0;40;10.0;2.0;0;22.2;
01.05.2017 07:00;12.3;682.0;64;6.0;2;25;10.0;0;0;21.2;
02.05.2017 07:00;9.6;683.5;87;4.5;3;10;15.0;0;0;22.2;
03.05.2017 07:00;13.1;682.9;58;4.0;2;25;15.0;0;0;23.8;
04.05.2017 07:00;15.6;680.2;58;3.8;2;0;20.0;0;0;27.3;
05.05.2017 07:00;21.4;681.3;49;3.7;3;90;15.0;0;0;30.4;
06.05.2017 07:00;21.7;683.5;41;8.0;4;10;15.0;0;0;28.6;
07.05.2017 07:00;13.9;683.5;60;7.0;4;40;15.0;0;0;26.4;
08.05.2017 07:00;10.5;683.3;60;4.0;2;0;20.0;0;0;23.5;
09.05.2017 07:00;11.6;680.5;41;4.0;1;50;15.0;0;0;28.0;
10.05.2017 07:00;19.2;676.5;35;0.0;0;75;15.0;0;0;29.3;
11.05.2017 07:00;19.3;674.2;43;0.0;0;90;15.0;0;0;27.4;
12.05.2017 07:00;14.6;677.5;67;0.0;0;50;15.0;0;0;28.3;
13.05.2017 07:00;14.2;683.0;60;3.7;2;40;15.0;0;0;27.1;
14.05.2017 07:00;14.5;686.5;59;4.0;3;25;15.0;;0;29.3;
15.05.2017 07:00;15.8;688.1;59;7.0;2;25;15.0;0.3;0;28.0;
16.05.2017 07:00;13.2;688.4;59;4.0;4;90;15.0;0;0;26.9;
17.05.2017 07:00;13.9;685.3;39;4.0;4;0;15.0;0;0;27.9;
18.05.2017 07:00;18.2;681.0;40;4.6;2;90;20.0;0;0;28.0;
19.05.2017 07:00;16.1;682.6;41;6.0;2;10;20.0;0;0;26.3;
20.05.2017 07:00;15.0;685.1;75;4.0;4;0;15.0;0;0;26.7;
21.05.2017 07:00;13.3;685.7;53;3.8;4;40;20.0;0;0;27.3;
22.05.2017 07:00;17.7;683.5;40;6.0;2;75;15.0;0;0;23.8;
23.05.2017 07:00;18.9;683.1;50;0.0;0;90;10.0;0;0;24.6;
24.05.2017 07:00;16.3;684.3;79;4.5;2;0;20.0;1.0;0;29.2;
25.05.2017 07:00;19.5;682.9;57;0.0;0;40;15.0;0;0;31.6;
26.05.2017 07:00;20.6;681.5;47;4.0;3;90;;;0;30.7;
27.05.2017 07:00;20.4;682.6;62;5.0;3;100;8.0;4.0;0;32.9;
28.05.2017 07:00;20.5;683.2;47;4.5;2;0;20.0;0;0;32.1;
29.05.2017 07:00;20.3;681.6;53;3.0;3;60;15.0;0;0;29.4;
30.05.2017 07:00;19.5;681.9;47;3.8;5;90;15.0;0;0;22.6;
31.05.2017 07:00;16.6;684.2;78;3.7;2;75;15.0;0;0;
01.06.2017 07:00;16.8;684.8;75;7.0;2;90;15.0;0.3;0;28.4;
02.06.2017 07:00;20.5;684.2;55;4.0;3;40;15.0;0;0;31.3;
03.06.2017 07:00;17.9;683.1;75;4.5;2;0;15.0;11.0;0;32.1;
04.06.2017 07:00;17.0;682.8;87;5.0;3;100;10.0;4.0;0;28.2;
05.06.2017 07:00;14.8;680.4;93;3.7;2;90;10.0;6.0;0;21.4;
06.06.2017 07:00;14.3;681.4;80;3.8;2;40;15.0;0.5;0;24.9;
07.06.2017 07:00;15.3;684.5;65;1.5;2;0;20.0;0;0;27.7;
08.06.2017 07:00;17.6;684.5;55;4.0;2;0;20.0;0;0;30.6;
09.06.2017 07:00;23.6;682.2;34;0.0;0;0;20.0;0;0;33.7;
10.06.2017 07:00;21.8;682.9;50;4.0;4;50;20.0;0;0;33.1;
11.06.2017 07:00;21.3;683.5;41;6.0;2;0;20.0;0;0;33.3;
12.06.2017 07:00;20.9;682.9;44;4.6;2;0;20.0;0;0;33.2;
13.06.2017 07:00;20.9;682.6;51;3.0;2;25;20.0;0;0;30.8;
14.06.2017 07:00;21.8;682.6;50;3.0;3;0;20.0;0;0;33.3;
15.06.2017 07:00;21.5;683.2;44;0.0;0;40;20.0;0;0;38.3;
16.06.2017 07:00;23.0;684.4;31;4.5;3;0;20.0;0;0;36.4;
17.06.2017 07:00;23.1;684.4;43;4.0;2;10;20.0;0;0;35.1;
18.06.2017 07:00;21.4;681.8;48;4.0;4;25;20.0;0;0;33.5;
19.06.2017 07:00;20.3;683.5;59;4.6;3;0;20.0;0;0;31.0;
20.06.2017 07:00;22.4;685.2;59;3.7;2;0;20.0;0;0;30.5;
21.06.2017 07:00;22.6;684.0;56;0.0;0;0;20.0;0;0;32.3;
22.06.2017 07:00;21.8;684.0;51;4.0;2;0;20.0;0;0;30.4;
23.06.2017 07:00;21.3;685.8;62;4.0;3;0;20.0;0;0;32.6;
24.06.2017 07:00;22.4;685.7;46;0.0;0;0;20.0;0;0;32.3;
25.06.2017 07:00;22.2;684.2;48;4.6;2;0;20.0;0;0;35.1;
26.06.2017 07:00;25.5;682.3;28;0.0;0;10;20.0;0;0;37.7;
27.06.2017 07:00;26.3;681.8;33;0.0;0;10;15.0;0;0;38.3;
28.06.2017 07:00;26.2;680.7;32;3.0;3;50;15.0;0;0;33.4;
29.06.2017 07:00;20.6;680.5;37;3.8;3;0;20.0;0;0;31.1;
30.06.2017 07:00;20.1;680.2;71;4.0;2;90;10.0;0;0;26.7;
01.07.2017 07:00;16.8;683.2;67;4.6;5;0;20.0;0;0;26.1;
02.07.2017 07:00;14.5;685.9;66;4.0;2;0;20.0;0;0;24.3;
03.07.2017 07:00;14.5;686.8;66;4.0;2;0;20.0;0;0;27.4;
04.07.2017 07:00;17.7;685.3;67;4.6;2;0;20.0;0;0;30.9;
05.07.2017 07:00;21.9;684.7;42;5.0;2;0;20.0;0;0;32.4;
06.07.2017 07:00;24.0;685.6;36;1.5;2;0;20.0;0;0;34.3;
07.07.2017 07:00;24.6;685.4;28;1.7;1;0;20.0;0;0;36.6;
08.07.2017 07:00;24.7;683.9;51;1.5;2;0;20.0;0;0;37.4;
09.07.2017 07:00;24.9;682.9;31;5.0;2;75;20.0;0;0;34.6;
10.07.2017 07:00;23.7;682.3;35;4.6;2;0;20.0;0;0;35.4;
11.07.2017 07:00;27.1;684.1;23;3.7;1;10;20.0;0;0;38.2;
12.07.2017 07:00;26.7;685.6;17;0.0;0;0;20.0;0;0;40.1;
13.07.2017 07:00;25.3;685.8;17;4.6;2;0;15.0;0;0;41.6;
14.07.2017 07:00;24.2;684.4;26;4.5;3;0;20.0;0;0;40.1;
15.07.2017 07:00;23.6;683.3;36;4.6;3;0;20.0;0;0;38.9;
16.07.2017 07:00;19.6;684.8;53;4.0;4;0;20.0;0;0;32.7;
17.07.2017 07:00;17.7;684.2;54;4.0;2;0;20.0;0;0;30.8;
18.07.2017 07:00;20.8;684.5;58;0.0;0;0;20.0;0;0;32.5;
19.07.2017 07:00;22.7;683.9;47;1.7;2;40;15.0;0;0;34.6;
20.07.2017 07:00;25.1;681.9;43;3.7;2;25;15.0;0;0;36.1;
21.07.2017 07:00;25.9;680.3;57;4.6;3;90;15.0;0;0;38.4;
22.07.2017 07:00;28.4;682.6;29;0.0;0;60;10.0;0;0;38.7;
23.07.2017 07:00;30.9;685.6;25;3.0;7;60;10.0;0;0;40.3;
24.07.2017 07:00;27.8;683.1;29;3.8;3;40;15.0;0;0;36.6;
25.07.2017 07:00;19.7;682.4;79;4.0;3;0;10.0;0;0;32.6;
26.07.2017 07:00;18.6;681.4;78;4.0;3;40;20.0;0;0;31.0;
27.07.2017 07:00;20.1;680.9;73;0.0;0;0;15.0;0;0;31.4;
28.07.2017 07:00;22.1;684.1;51;0.0;0;0;20.0;0;0;35.6;
29.07.2017 07:00;26.1;683.9;35;0.0;0;0;20.0;0;0;36.2;
30.07.2017 07:00;28.2;682.9;20;3.7;2;0;20.0;0;0;36.5;
31.07.2017 07:00;29.1;682.0;25;7.0;8;25;20.0;0;0;38.9;
01.08.2017 07:00;29.0;683.4;25;0.0;0;60;15.0;0;0;39.1;
02.08.2017 07:00;26.0;682.6;41;0.0;0;0;15.0;0;0;38.5;
03.08.2017 07:00;25.7;685.8;27;0.0;0;60;15.0;0;0;37.9;
04.08.2017 07:00;24.9;684.2;30;0.0;0;40;20.0;0;0;37.7;
05.08.2017 07:00;25.1;683.4;26;5.0;2;10;20.0;0;0;37.8;
06.08.2017 07:00;22.6;683.1;41;4.0;3;0;20.0;;0;38.7;
07.08.2017 07:00;22.8;682.9;46;4.0;2;40;20.0;0;0;38.0;
08.08.2017 07:00;23.4;682.7;69;4.5;2;50;20.0;0;0;37.1;
09.08.2017 07:00;24.5;682.9;31;7.0;2;10;15.0;0;0;37.4;
10.08.2017 07:00;23.2;683.1;47;4.6;3;75;15.0;0;0;32.9;
11.08.2017 07:00;18.8;684.9;85;4.0;4;50;15.0;0;0;31.9;
12.08.2017 07:00;18.9;684.7;80;4.0;5;60;15.0;0;0;30.3;
13.08.2017 07:00;20.0;684.3;67;4.6;2;75;10.0;0;0;32.9;
14.08.2017 07:00;22.8;684.1;54;0.0;0;50;20.0;0;0;31.4;
15.08.2017 07:00;22.6;685.1;52;4.0;3;25;15.0;0;0;35.0;
16.08.2017 07:00;25.8;685.0;33;4.0;2;25;20.0;0;0;38.4;
17.08.2017 07:00;24.2;684.0;52;4.0;4;0;20.0;0;0;35.8;
18.08.2017 07:00;24.1;684.8;64;4.6;4;25;20.0;0;0;34.5;
19.08.2017 07:00;22.8;683.5;48;0.0;0;0;20.0;0;0;35.3;
20.08.2017 07:00;21.8;684.1;48;4.6;4;60;20.0;0;0;34.7;
21.08.2017 07:00;18.2;684.6;62;4.0;4;0;20.0;0;0;32.1;
22.08.2017 07:00;16.8;684.1;48;4.6;3;0;20.0;;0;31.7;
23.08.2017 07:00;17.8;683.7;62;4.0;2;0;20.0;0;0;31.8;
24.08.2017 07:00;21.1;684.4;52;0.0;0;0;20.0;0;0;32.2;
25.08.2017 07:00;22.7;684.5;47;3.8;2;25;20.0;0;0;33.1;
26.08.2017 07:00;22.6;684.7;55;3.0;2;40;20.0;0;0;33.0;
27.08.2017 07:00;22.2;684.4;50;0.0;0;0;20.0;0;0;34.3;
28.08.2017 07:00;21.3;683.7;60;0.0;0;25;20.0;7.0;0;34.8;
29.08.2017 07:00;21.8;683.2;61;3.8;4;75;10.0;0;0;33.7;
30.08.2017 07:00;19.8;682.8;49;5.0;2;25;20.0;0;0;34.3;
31.08.2017 07:00;20.9;683.6;36;0.0;0;90;15.0;0;0;29.8;
01.09.2017 07:00;25.4;682.9;54;1.0;5;50;20.0;0;0;34.4;
02.09.2017 07:00;20.2;683.2;85;4.0;4;90;10.0;0;0;28.9;
03.09.2017 07:00;11.9;684.2;93;4.0;2;0;15.0;;0;27.7;
04.09.2017 07:00;17.2;682.3;49;1.5;3;60;20.0;0;0;29.1;
05.09.2017 07:00;16.1;685.5;48;3.8;3;0;20.0;0;0;30.9;
06.09.2017 07:00;17.3;686.3;69;4.0;2;0;20.0;0;0;31.3;
07.09.2017 07:00;18.8;683.3;67;4.5;3;60;20.0;0;0;27.4;
08.09.2017 07:00;14.7;682.3;96;1.5;1;10;8.0;5.0;0;26.4;
09.09.2017 07:00;17.3;680.3;53;0.0;0;25;20.0;0;0;30.2;
10.09.2017 07:00;17.3;675.2;48;3.8;6;75;10.0;2.0;0;15.1;
11.09.2017 07:00;10.1;681.4;92;3.7;2;60;15.0;;0;24.0;
12.09.2017 07:00;15.3;682.6;54;7.0;3;0;15.0;0;0;28.8;
13.09.2017 07:00;14.9;686.3;64;5.0;3;0;20.0;0;0;28.4;
14.09.2017 07:00;15.6;685.3;75;7.0;2;0;20.0;0;0;30.2;
15.09.2017 07:00;18.3;681.5;55;0.0;0;25;20.0;0;0;30.8;
16.09.2017 07:00;19.2;679.8;38;7.0;1;40;10.0;0;0;28.9;
17.09.2017 07:00;12.3;683.8;87;4.0;2;0;15.0;0;0;26.6;
18.09.2017 07:00;14.1;683.2;91;4.5;2;0;15.0;0;0;27.6;
19.09.2017 07:00;12.3;684.7;84;4.0;2;0;15.0;0;0;25.1;
20.09.2017 07:00;11.3;685.3;68;5.0;2;0;20.0;0;0;23.0;
21.09.2017 07:00;11.9;684.7;71;4.0;2;0;20.0;0;0;25.6;
22.09.2017 07:00;15.6;683.8;56;0.0;0;0;20.0;0;0;27.6;
23.09.2017 07:00;20.1;685.0;47;0.0;0;90;15.0;;0;28.0;
24.09.2017 07:00;17.1;684.7;68;5.0;1;0;15.0;0;0;26.6;
25.09.2017 07:00;11.5;685.0;76;4.0;4;0;20.0;;0;27.3;
26.09.2017 07:00;12.8;684.1;56;4.6;2;60;15.0;0;0;27.2;
27.09.2017 07:00;13.4;684.4;76;4.0;4;25;15.0;;0;25.4;
28.09.2017 07:00;12.4;686.4;90;4.6;4;60;10.0;0;0;23.9;
29.09.2017 07:00;13.3;685.7;81;4.6;3;60;15.0;;0;26.1;
30.09.2017 07:00;13.9;684.7;82;4.0;4;25;15.0;0;0;26.5;
01.10.2017 07:00;15.0;684.1;77;4.0;3;90;15.0;11.0;0;18.3;
02.10.2017 07:00;12.4;685.0;90;4.0;4;75;8.0;2.0;0;20.5;
03.10.2017 07:00;10.9;684.5;95;5.0;2;25;10.0;0;0;22.3;
04.10.2017 07:00;11.8;685.7;91;4.0;3;40;15.0;0;0;20.8;
05.10.2017 07:00;10.6;686.8;93;4.0;2;25;15.0;;0;24.1;
06.10.2017 07:00;11.6;683.5;91;4.0;2;0;10.0;0;0;24.6;
07.10.2017 07:00;10.3;683.9;85;4.5;3;25;15.0;0;0;18.9;
08.10.2017 07:00;8.8;685.1;83;4.0;3;40;15.0;0;0;22.3;
09.10.2017 07:00;11.4;684.1;77;5.0;2;0;15.0;0;0;23.8;
10.10.2017 07:00;9.5;684.8;73;4.0;3;0;15.0;0;0;24.8;
11.10.2017 07:00;9.6;686.3;85;4.6;3;0;15.0;0;0;25.4;
12.10.2017 07:00;10.4;688.2;75;4.0;5;0;15.0;0;0;25.3;
13.10.2017 07:00;10.4;689.7;70;4.0;4;0;15.0;0;0;25.1;
14.10.2017 07:00;11.4;689.2;40;4.5;2;0;20.0;0;0;26.0;
15.10.2017 07:00;10.1;689.3;63;4.0;2;0;15.0;0;0;23.5;
16.10.2017 07:00;12.5;689.2;76;3.8;1;0;15.0;0;0;21.6;
17.10.2017 07:00;11.7;688.3;75;0.0;0;25;20.0;;0;22.9;
18.10.2017 07:00;10.4;685.2;60;0.0;0;25;15.0;0;0;22.6;
19.10.2017 07:00;14.6;681.2;57;3.0;5;60;15.0;;0;20.3;
20.10.2017 07:00;9.2;680.5;81;2.0;2;50;10.0;21.0;0;17.8;
21.10.2017 07:00;8.8;685.6;90;0.0;0;25;15.0;0;0;
23.10.2017 07:00;10.9;686.2;94;4.6;2;50;6.0;;0;19.3;
24.10.2017 07:00;8.7;686.5;90;4.6;1;25;15.0;0;0;19.7;
25.10.2017 07:00;11.2;687.2;92;0.0;0;60;15.0;0;0;21.3;
26.10.2017 07:00;7.3;689.2;92;4.5;3;0;10.0;0;0;21.8;
27.10.2017 07:00;10.2;688.8;63;4.5;1;0;15.0;;0;24.4;
28.10.2017 07:00;12.4;686.0;62;4.5;2;90;10.0;0;0;18.7;
29.10.2017 07:00;6.3;685.3;93;4.0;3;0;15.0;;0;19.3;
30.10.2017 07:00;7.8;682.3;78;5.0;2;0;15.0;0;0;19.7;
31.10.2017 07:00;7.2;683.0;89;4.5;2;40;15.0;0;0;21.1;
01.11.2017 07:00;8.3;685.0;90;4.5;2;25;20.0;0;0;20.3;
02.11.2017 07:00;8.7;685.4;76;0.0;0;0;15.0;0;0;20.8;
03.11.2017 07:00;11.3;684.1;63;7.0;2;25;20.0;0;0;22.2;
04.11.2017 07:00;12.7;682.2;43;3.7;1;50;15.0;0;0;23.4;
05.11.2017 07:00;13.5;682.7;66;2.8;2;40;15.0;0;0;19.6;
06.11.2017 07:00;9.4;681.2;90;2.6;1;90;10.0;0;0;13.9;
07.11.2017 07:00;2.6;680.9;77;3.7;2;40;10.0;2.0;0;10.1;
08.11.2017 07:00;3.1;684.1;91;0.0;0;0;15.0;;0;14.2;
09.11.2017 07:00;5.1;682.6;71;5.0;2;10;10.0;0;0;15.6;
10.11.2017 07:00;6.2;683.7;85;3.8;4;60;15.0;;0;10.6;
11.11.2017 07:00;7.6;683.0;88;4.6;7;100;7.0;4.0;0;9.6;
12.11.2017 07:00;8.6;683.2;89;4.6;5;25;10.0;3.0;0;15.6;
13.11.2017 07:00;7.0;678.2;70;3.8;2;0;10.0;0;0;12.1;
14.11.2017 07:00;3.4;677.6;91;2.6;9;50;10.0;3.0;0;7.8;
15.11.2017 07:00;5.6;681.1;87;6.0;3;90;8.0;5.0;0;9.1;
16.11.2017 07:00;6.3;682.6;85;0.0;0;90;10.0;0.1;0;9.7;
17.11.2017 07:00;2.8;683.9;87;5.0;2;10;10.0;0;0;13.7;
18.11.2017 07:00;2.8;683.0;91;5.0;2;10;15.0;;0;13.3;
19.11.2017 07:00;3.1;684.1;95;4.5;3;0;15.0;0;0;14.7;
20.11.2017 07:00;2.3;686.0;89;4.5;2;0;15.0;;0;15.2;
21.11.2017 07:00;2.9;686.5;72;1.0;2;0;15.0;0;0;15.5;
22.11.2017 07:00;4.6;684.0;61;0.0;0;50;15.0;;0;11.3;
23.11.2017 07:00;6.2;683.2;65;3.7;2;90;10.0;0;0;15.3;
24.11.2017 07:00;3.4;685.7;71;4.0;2;0;15.0;;0;17.4;
25.11.2017 07:00;6.3;685.8;68;0.0;0;25;15.0;0;0;16.3;
26.11.2017 07:00;7.3;685.3;46;3.8;2;75;15.0;0;0;15.3;
27.11.2017 07:00;5.3;688.2;84;4.0;3;90;10.0;0;0;12.1;
28.11.2017 07:00;1.8;685.6;89;4.0;1;50;10.0;0;0;11.9;
29.11.2017 07:00;9.4;678.9;68;3.8;6;60;10.0;0;0;15.0;
30.11.2017 07:00;10.6;673.6;74;3.0;5;75;10.0;0.5;0;8.3;
01.12.2017 07:00;4.0;678.4;93;4.6;4;90;10.0;17.0;0;7.0;
02.12.2017 07:00;0.4;678.2;90;2.8;5;40;10.0;0.5;0;3.3;
03.12.2017 07:00;0.7;682.7;86;3.0;3;90;6.0;3.0;0;5.0;
04.12.2017 07:00;0.1;689.5;90;1.0;2;10;10.0;0;0;7.9;
05.12.2017 07:00;3.0;692.6;91;5.0;1;90;10.0;0.1;0;8.5;
06.12.2017 07:00;0.1;693.0;92;4.0;2;10;15.0;0;0;10.1;
07.12.2017 07:00;0.2;691.8;89;1.5;2;25;10.0;0;0;8.4;
08.12.2017 07:00;-0.4;689.6;96;3.7;3;0;15.0;0;0;8.4;
09.12.2017 07:00;2.6;685.1;79;3.7;1;25;10.0;0;0;10.5;
10.12.2017 07:00;4.6;684.7;95;3.8;1;40;10.0;0;0;11.7;
11.12.2017 07:00;7.2;677.2;79;3.0;5;60;10.0;0;0;12.6;
12.12.2017 07:00;7.4;677.5;64;7.0;5;40;10.0;0;0;14.2;
13.12.2017 07:00;6.9;685.6;74;2.0;2;40;15.0;0;0;10.1;
14.12.2017 07:00;0.4;686.4;88;4.0;2;0;15.0;0;0;10.1;
15.12.2017 07:00;6.4;680.8;77;8.0;4;25;10.0;0;0;10.7;
16.12.2017 07:00;7.4;676.7;93;3.8;2;90;8.0;0.3;0;7.7;
17.12.2017 07:00;1.4;684.6;92;5.0;2;60;10.0;1.0;0;8.3;
18.12.2017 07:00;1.3;688.3;92;4.6;2;25;10.0;0.3;0;9.3;
19.12.2017 07:00;2.4;685.0;87;3.7;2;60;10.0;0;0;5.4;
20.12.2017 07:00;0.5;687.1;94;4.5;3;25;0.7;0;0;7.7;
21.12.2017 07:00;2.8;686.3;93;4.6;5;90;8.0;1.0;0;5.6;
22.12.2017 07:00;1.8;690.3;93;4.6;4;40;10.0;0;0;7.4;
23.12.2017 07:00;6.6;690.7;92;4.0;3;90;8.0;0;0;11.4;
24.12.2017 07:00;3.8;692.5;88;1.5;2;25;10.0;0;0;11.1;
25.12.2017 07:00;2.6;690.0;89;8.0;3;0;10.0;0;0;10.1;
26.12.2017 07:00;1.7;686.1;81;7.0;2;10;10.0;0;0;8.3;
27.12.2017 07:00;5.4;678.1;91;3.8;9;90;8.0;0;0;6.4;
28.12.2017 07:00;4.6;677.2;91;8.0;4;50;10.0;8.0;0;8.3;
29.12.2017 07:00;8.1;681.7;91;6.0;6;90;8.0;3.0;0;13.3;
30.12.2017 07:00;5.2;688.9;90;3.7;3;25;10.0;0;0;14.2;
31.12.2017 07:00;5.5;688.9;94;5.0;1;10;8.0;0;0;14.8;
01.01.2018 07:00;9.3;688.9;90;2.0;2;60;10.0;0;0;13.6;
02.01.2018 07:00;5.5;689.4;61;8.0;2;10;10.0;0;0;12.7;
03.01.2018 07:00;4.7;689.9;79;3.7;2;25;10.0;0;0;14.8;
04.01.2018 07:00;8.7;688.0;78;3.0;3;25;15.0;0;0;15.7;
05.01.2018 07:00;6.9;683.5;88;0.0;0;10;15.0;0;0;13.7;
06.01.2018 07:00;8.9;677.2;65;7.0;2;10;15.0;0;0;15.2;
07.01.2018 07:00;9.7;670.9;62;1.7;10;75;10.0;0;0;10.7;
08.01.2018 07:00;5.3;674.7;85;3.0;9;90;8.0;0.3;0;5.4;
09.01.2018 07:00;0.6;682.8;86;0.0;0;25;10.0;0;0;10.2;
10.01.2018 07:00;0.7;684.1;90;3.0;2;25;10.0;0;0;5.9;
11.01.2018 07:00;5.1;681.7;87;3.7;4;60;10.0;0.8;0;8.9;
12.01.2018 07:00;1.9;682.6;91;2.8;2;40;10.0;5.0;0;6.9;
13.01.2018 07:00;0.6;684.5;92;0.0;0;25;10.0;1.0;0;8.3;
14.01.2018 07:00;4.3;683.2;69;3.7;3;60;10.0;0;0;8.4;
15.01.2018 07:00;2.3;684.1;87;0.0;0;60;10.0;0;0;11.9;
16.01.2018 07:00;1.6;688.3;93;4.0;1;0;10.0;0;0;11.3;
17.01.2018 07:00;3.4;685.4;88;3.0;1;0;10.0;0;0;15.5;
18.01.2018 07:00;2.1;686.1;100;4.0;4;25;0.2;0;0;13.2;
19.01.2018 07:00;3.7;682.1;89;0.0;0;0;10.0;0;0;11.6;
20.01.2018 07:00;5.6;683.5;94;4.6;2;90;8.0;0;0;7.9;
21.01.2018 07:00;4.4;684.7;79;7.0;2;25;10.0;0.8;0;14.8;
22.01.2018 07:00;3.3;687.2;91;4.0;2;25;10.0;0;0;16.6;
23.01.2018 07:00;6.3;687.1;80;0.0;0;10;10.0;0;0;17.7;
24.01.2018 07:00;1.8;689.2;89;4.0;4;0;15.0;0;0;15.8;
25.01.2018 07:00;4.2;687.9;85;0.0;0;0;10.0;0;0;14.2;
26.01.2018 07:00;4.7;683.3;86;3.0;2;25;10.0;0;0;12.4;
27.01.2018 07:00;3.4;683.5;78;0.0;0;75;10.0;0;0;3.4;
28.01.2018 07:00;1.4;688.4;94;4.0;4;0;10.0;16.0;0;11.5;
29.01.2018 07:00;2.6;691.8;87;0.0;0;10;10.0;0;0;10.8;
30.01.2018 07:00;2.0;690.3;91;0.0;0;0;10.0;0;0;10.8;
31.01.2018 07:00;2.2;687.3;89;0.0;0;25;15.0;0;0;10.8;
01.02.2018 07:00;7.4;681.8;75;3.8;4;40;10.0;0;0;10.3;
02.02.2018 07:00;6.9;674.2;74;0.0;0;60;10.0;0;0;11.7;
03.02.2018 07:00;1.6;677.8;90;0.0;0;90;8.0;0.6;0;4.7;
04.02.2018 07:00;-1.7;679.9;85;0.0;0;25;10.0;0.2;0;7.4;
05.02.2018 07:00;-1.6;677.6;76;0.0;0;40;10.0;0;0;7.5;
06.02.2018 07:00;1.4;673.3;85;7.0;7;90;8.0;0.2;0;1.1;
07.02.2018 07:00;-0.1;675.8;96;3.0;5;90;10.0;0;0;5.6;
08.02.2018 07:00;0.3;680.4;88;0.0;0;60;10.0;0;0;9.3;
09.02.2018 07:00;0.6;679.3;86;0.0;0;60;10.0;0;0;3.2;
10.02.2018 07:00;-1.3;678.9;86;0.0;0;60;10.0;1.0;0;3.0;
11.02.2018 07:00;-1.4;680.1;94;0.0;0;60;10.0;1.0;0;7.3;
12.02.2018 07:00;1.0;682.8;90;0.0;0;25;10.0;0.2;0;8.7;
13.02.2018 07:00;3.0;682.6;81;2.0;2;60;10.0;0.8;0;8.6;
14.02.2018 07:00;3.8;682.3;63;3.8;2;25;15.0;0;0;12.4;
15.02.2018 07:00;4.4;685.2;89;0.0;0;75;10.0;0;0;14.2;
16.02.2018 07:00;2.6;687.0;93;4.0;2;10;10.0;0;0;14.9;
17.02.2018 07:00;7.9;684.4;76;0.0;0;90;10.0;0;0;12.6;
18.02.2018 07:00;6.6;682.5;89;0.0;0;40;10.0;2.0;0;11.1;
19.02.2018 07:00;4.2;680.8;93;4.0;3;40;15.0;0;0;6.7;
20.02.2018 07:00;1.6;679.0;93;0.0;0;10;15.0;3.0;0;10.8;
21.02.2018 07:00;5.0;673.9;94;0.0;0;90;10.0;1.0;0;5.9;
22.02.2018 07:00;1.4;670.7;90;4.6;3;75;10.0;6.0;0;7.1;
23.02.2018 07:00;0.6;671.5;94;3.7;2;90;7.0;0.2;1;5.7;
24.02.2018 07:00;-1.6;673.0;94;0.0;0;25;8.0;0.1;0;11.3;
25.02.2018 07:00;0.5;675.7;92;0.0;0;40;10.0;0;0;9.7;
26.02.2018 07:00;1.0;676.3;81;0.0;0;0;10.0;0;0;11.8;
27.02.2018 07:00;3.7;672.2;73;0.0;0;60;10.0;0;0;10.4;
28.02.2018 07:00;6.1;676.0;90;3.8;2;40;10.0;0.4;0;16.9;
01.03.2018 07:00;13.1;672.4;38;0.0;0;60;10.0;0;0;20.2;
02.03.2018 07:00;9.7;675.4;92;2.8;2;40;15.0;0;0;15.7;
03.03.2018 07:00;12.3;674.9;56;3.0;6;40;8.0;0;0;18.1;
04.03.2018 07:00;15.3;668.7;48;3.7;9;40;8.0;0;0;9.7;
05.03.2018 07:00;6.8;672.4;70;3.8;4;0;10.0;3.0;0;11.9;
06.03.2018 07:00;6.7;671.6;76;8.0;5;60;10.0;7.0;0;12.5;
07.03.2018 07:00;8.2;674.7;90;3.0;4;90;10.0;0.3;0;13.9;
08.03.2018 07:00;5.4;679.6;78;3.0;2;60;10.0;3.0;0;9.2;
09.03.2018 07:00;8.4;682.9;95;3.7;2;25;10.0;1.0;0;16.3;
10.03.2018 07:00;10.3;681.9;79;0.0;0;25;10.0;0;0;21.4;
11.03.2018 07:00;12.7;678.5;61;2.6;3;90;10.0;0;0;17.1;
12.03.2018 07:00;7.9;680.6;74;3.8;9;50;10.0;0.3;0;14.1;
13.03.2018 07:00;4.0;682.8;83;1.7;2;25;15.0;0;0;15.2;
14.03.2018 07:00;7.8;681.9;90;0.0;0;75;15.0;0;0;17.1;
15.03.2018 07:00;14.3;676.5;46;3.8;5;75;10.0;0;0;17.2;
16.03.2018 07:00;8.9;674.5;76;4.0;2;40;10.0;0;0;15.1;
17.03.2018 07:00;3.3;673.2;93;2.8;2;60;10.0;3.0;0;10.8;
18.03.2018 07:00;5.8;671.5;94;3.0;9;90;8.0;4.0;0;8.7;
19.03.2018 07:00;1.5;676.8;91;3.0;1;25;15.0;0;0;9.6;
20.03.2018 07:00;4.1;673.5;93;3.7;3;90;10.0;3.0;0;9.0;
21.03.2018 07:00;1.1;678.2;84;0.0;0;90;15.0;0;0;2.9;
22.03.2018 07:00;0.5;678.2;90;2.0;2;100;6.0;3.0;0;6.6;
23.03.2018 07:00;-0.8;678.7;87;3.0;2;10;15.0;2.0;0;10.0;
24.03.2018 07:00;4.9;672.4;90;3.0;2;100;10.0;0.1;0;7.4;
25.03.2018 07:00;4.1;669.9;89;2.8;6;100;7.0;16.0;0;6.3;
26.03.2018 07:00;4.2;677.8;89;0.0;0;90;10.0;1.0;0;7.1;
27.03.2018 07:00;1.4;684.6;92;0.0;0;10;15.0;0;0;14.0;
28.03.2018 07:00;3.3;685.0;86;0.0;0;25;15.0;0;0;17.3;
29.03.2018 07:00;8.6;680.6;64;7.0;1;40;15.0;0;0;19.9;
30.03.2018 07:00;13.7;678.2;43;3.7;1;75;15.0;0;0;21.9;
31.03.2018 07:00;6.9;677.9;76;3.8;2;25;10.0;0.8;0;12.8;
01.04.2018 07:00;2.1;683.5;80;0.0;0;0;15.0;0;0;15.2;
02.04.2018 07:00;8.6;680.8;79;8.0;2;0;15.0;0;0;18.7;
03.04.2018 07:00;12.1;680.0;77;3.0;2;60;15.0;0;0;18.4;
04.04.2018 07:00;7.5;681.2;93;0.0;0;25;15.0;0;0;20.5;
05.04.2018 07:00;4.9;684.4;87;4.5;2;0;15.0;0;0;18.8;
06.04.2018 07:00;10.9;683.0;62;0.0;0;0;20.0;0;0;21.7;
07.04.2018 07:00;11.0;678.6;53;0.0;0;40;20.0;0;0;25.4;
08.04.2018 07:00;9.6;676.0;77;6.0;1;90;10.0;0;0;8.4;
09.04.2018 07:00;4.1;679.2;85;0.0;0;0;20.0;0.5;0;16.1;
10.04.2018 07:00;6.2;678.4;89;4.5;2;90;15.0;0;0;15.7;
11.04.2018 07:00;8.2;672.1;76;0.0;0;75;15.0;0;0;11.8;
12.04.2018 07:00;3.1;675.7;75;3.0;2;25;20.0;0;0;13.7;
13.04.2018 07:00;6.6;676.4;73;4.0;2;90;15.0;0;0;16.9;
14.04.2018 07:00;8.3;673.0;94;0.0;0;100;8.0;2.0;0;9.3;
15.04.2018 07:00;9.2;676.2;90;2.6;2;90;10.0;3.0;0;11.4;
16.04.2018 07:00;5.7;682.6;86;0.0;0;25;15.0;0;0;16.7;
17.04.2018 07:00;6.8;684.4;88;0.0;0;50;10.0;10.0;0;16.4;
18.04.2018 07:00;6.1;686.5;94;0.0;0;0;15.0;0;0;19.2;
19.04.2018 07:00;8.2;685.1;93;4.0;2;25;10.0;0;0;18.2;
20.04.2018 07:00;6.4;684.5;94;4.0;2;25;15.0;7.0;0;19.4;
21.04.2018 07:00;10.9;683.5;82;0.0;0;25;15.0;0;0;22.3;
22.04.2018 07:00;12.7;682.9;73;0.0;0;0;15.0;0;0;26.1;
23.04.2018 07:00;14.4;682.9;63;5.0;2;60;15.0;0;0;27.4;
24.04.2018 07:00;16.9;682.9;52;0.0;0;25;20.0;0;0;27.5;
25.04.2018 07:00;15.4;682.4;78;0.0;0;100;8.0;0.5;0;21.0;
26.04.2018 07:00;11.8;677.8;90;0.0;0;10;15.0;7.0;0;21.5;
27.04.2018 07:00;11.3;678.0;92;4.0;3;40;15.0;0.5;0;19.3;
28.04.2018 07:00;7.6;679.9;86;0.0;0;0;15.0;0;0;22.1;
29.04.2018 07:00;10.8;679.0;87;0.0;0;40;10.0;0;0;21.7;
30.04.2018 07:00;7.9;682.3;89;1.7;1;100;8.0;6.0;0;11.3;
01.05.2018 07:00;7.3;677.2;94;4.6;2;100;8.0;17.0;0;9.2;
02.05.2018 07:00;6.1;676.3;90;2.6;2;90;10.0;3.0;0;11.3;
03.05.2018 07:00;5.3;677.8;84;0.0;0;0;15.0;0.5;0;15.3;
04.05.2018 07:00;7.9;678.1;82;0.0;0;0;20.0;0;0;18.4;
05.05.2018 07:00;10.1;678.6;81;0.0;0;90;15.0;0;0;16.4;
06.05.2018 07:00;10.1;680.9;85;0.0;0;40;15.0;0;0;17.7;
07.05.2018 07:00;9.5;680.7;95;4.0;2;60;15.0;0;0;21.0;
08.05.2018 07:00;13.6;677.9;83;0.0;0;25;15.0;0;0;23.4;
09.05.2018 07:00;9.9;677.8;84;4.5;2;10;15.0;0;0;20.8;
10.05.2018 07:00;11.1;679.6;85;0.0;0;10;15.0;0;0;21.9;
11.05.2018 07:00;11.2;683.3;95;0.0;0;60;6.0;7.0;0;22.6;
12.05.2018 07:00;11.6;682.9;92;0.0;0;0;20.0;13.0;0;23.9;
13.05.2018 07:00;14.9;681.0;57;2.8;1;10;15.0;1.0;0;20.2;
14.05.2018 07:00;7.6;682.4;91;0.0;0;25;20.0;0;0;18.2;
15.05.2018 07:00;9.6;682.0;63;0.0;0;25;20.0;0;0;19.4;
16.05.2018 07:00;10.1;681.2;84;4.6;2;60;15.0;0;0;21.2;
17.05.2018 07:00;12.4;679.4;96;0.0;0;40;15.0;0.6;0;20.6;
18.05.2018 07:00;10.9;679.9;95;4.0;1;100;8.0;19.0;0;20.0;
19.05.2018 07:00;12.4;679.7;96;4.0;2;90;10.0;2.0;0;17.6;
20.05.2018 07:00;12.4;679.0;96;0.0;0;100;8.0;10.0;0;16.7;
21.05.2018 07:00;11.7;678.7;95;0.0;0;50;15.0;2.0;0;18.3;
22.05.2018 07:00;12.4;680.1;91;0.0;0;25;15.0;0;0;21.4;
23.05.2018 07:00;11.6;683.3;95;0.0;0;0;15.0;0;0;23.4;
24.05.2018 07:00;17.2;683.7;70;0.0;0;0;20.0;0;0;28.9;
25.05.2018 07:00;19.2;681.5;52;0.0;0;10;20.0;0;0;30.0;
26.05.2018 07:00;24.4;681.9;34;0.0;0;60;20.0;0;0;28.1;
27.05.2018 07:00;21.3;680.4;45;7.0;3;10;15.0;0;0;29.1;
28.05.2018 07:00;16.2;680.8;84;4.5;2;75;10.0;13.0;0;23.5;
29.05.2018 07:00;14.5;680.1;86;0.0;0;75;15.0;0;0;22.4;
30.05.2018 07:00;13.0;681.4;94;4.5;2;10;15.0;0;0;27.1;
31.05.2018 07:00;13.8;680.1;90;0.0;0;90;10.0;7.0;0;25.0;
01.06.2018 07:00;13.9;684.1;93;4.0;1;90;10.0;0;0;28.3;
02.06.2018 07:00;14.7;682.6;92;0.0;0;90;10.0;3.0;0;25.6;
03.06.2018 07:00;15.4;682.3;90;6.0;2;50;8.0;2.0;0;25.5;
04.06.2018 07:00;13.3;681.5;96;0.0;0;50;10.0;0.3;0;25.4;
05.06.2018 07:00;15.3;680.8;80;0.0;0;40;15.0;0;0;27.7;
06.06.2018 07:00;13.4;680.2;91;4.5;2;100;10.0;15.0;0;20.3;
07.06.2018 07:00;13.3;681.7;89;0.0;0;40;15.0;0;0;22.0;
08.06.2018 07:00;12.8;682.7;76;0.0;0;10;15.0;0;0;23.6;
09.06.2018 07:00;18.6;682.8;60;0.0;0;40;15.0;0;0;30.7;
10.06.2018 07:00;24.1;680.2;38;0.0;0;25;20.0;0;0;32.2;
11.06.2018 07:00;15.5;679.9;75;0.0;0;0;15.0;0;0;27.0;
12.06.2018 07:00;15.7;680.7;70;4.0;1;0;20.0;0;0;27.6;
13.06.2018 07:00;14.8;681.2;82;0.0;0;25;20.0;1.0;0;23.5;
14.06.2018 07:00;14.6;680.8;77;0.0;0;0;20.0;0;0;23.7;
15.06.2018 07:00;14.1;681.5;77;4.0;1;0;20.0;0;0;23.9;
16.06.2018 07:00;14.2;682.0;78;0.0;0;0;20.0;0;0;27.3;
17.06.2018 07:00;16.8;683.2;59;0.0;0;0;20.0;0;0;29.3;
18.06.2018 07:00;15.6;684.1;72;0.0;0;0;20.0;0;0;27.3;
19.06.2018 07:00;14.8;684.4;76;0.0;0;25;20.0;0;0;26.7;
20.06.2018 07:00;15.9;684.3;82;4.0;2;0;15.0;0;0;28.2;
21.06.2018 07:00;17.5;683.3;75;0.0;0;60;20.0;0;0;29.3;
22.06.2018 07:00;17.9;682.7;78;0.0;0;0;20.0;0;0;30.2;
23.06.2018 07:00;19.6;683.6;67;0.0;0;10;20.0;0;0;32.6;
24.06.2018 07:00;20.2;683.0;59;0.0;0;0;20.0;0;0;32.3;
25.06.2018 07:00;20.6;681.8;61;0.0;0;0;20.0;0;0;32.0;
26.06.2018 07:00;18.9;683.2;42;0.0;0;0;20.0;0;0;29.6;
27.06.2018 07:00;17.2;683.7;58;0.0;0;0;20.0;0;0;30.5;
28.06.2018 07:00;19.0;681.3;49;0.0;0;0;20.0;0;0;31.9;
29.06.2018 07:00;25.3;678.7;30;0.0;0;0;20.0;0;0;35.9;
30.06.2018 07:00;28.6;679.0;33;3.0;2;0;20.0;0;0;37.5;
01.07.2018 07:00;19.0;680.8;49;1.5;5;0;15.0;0;0;39.9;
02.07.2018 07:00;21.0;681.5;80;4.0;1;0;20.0;0;0;36.8;
03.07.2018 07:00;21.8;683.8;58;0.0;0;50;15.0;0;0;38.4;
04.07.2018 07:00;27.7;683.7;33;0.0;0;50;15.0;0;0;39.8;
05.07.2018 07:00;24.6;684.1;53;0.0;0;0;20.0;0;0;33.7;
06.07.2018 07:00;20.2;685.3;47;4.0;1;60;15.0;0;0;33.1;
07.07.2018 07:00;23.0;685.3;51;0.0;0;25;15.0;0;0;36.8;
08.07.2018 07:00;28.9;683.5;32;8.0;1;50;20.0;0;0;37.6;
09.07.2018 07:00;21.6;683.8;61;0.0;0;0;20.0;0;0;34.1;
10.07.2018 07:00;19.4;684.0;61;0.0;0;0;20.0;0;0;31.8;
11.07.2018 07:00;21.4;683.1;47;0.0;0;40;20.0;0;0;34.1;
12.07.2018 07:00;22.0;682.7;46;0.0;0;0;20.0;0;0;37.5;
13.07.2018 07:00;29.9;683.4;21;0.0;0;60;20.0;0;0;37.4;
14.07.2018 07:00;26.9;683.9;38;0.0;0;0;15.0;0;0;39.0;
15.07.2018 07:00;24.7;684.7;41;0.0;0;25;20.0;0;0;40.9;
16.07.2018 07:00;27.3;683.1;41;0.0;0;40;15.0;0;0;34.4;
17.07.2018 07:00;20.1;683.8;53;4.0;1;0;20.0;0;0;35.4;
18.07.2018 07:00;23.4;683.0;44;0.0;0;10;15.0;0;0;36.8;
19.07.2018 07:00;25.4;683.2;38;0.0;0;0;20.0;0;0;39.4;
20.07.2018 07:00;25.8;682.8;33;0.0;0;40;15.0;0;0;39.6;
21.07.2018 07:00;30.4;681.9;29;0.0;0;40;20.0;0;0;37.7;
22.07.2018 07:00;23.9;681.6;43;4.0;2;75;20.0;0;0;37.7;
23.07.2018 07:00;24.6;683.1;43;0.0;0;60;20.0;0;0;33.6;
24.07.2018 07:00;19.9;682.6;51;0.0;0;25;20.0;0;0;35.4;
25.07.2018 07:00;21.8;682.9;34;0.0;0;50;20.0;0;0;34.3;
26.07.2018 07:00;21.7;681.3;44;0.0;0;50;20.0;0;0;35.0;
27.07.2018 07:00;22.6;681.3;47;0.0;0;10;20.0;0;0;35.6;
28.07.2018 07:00;21.1;681.1;56;0.0;0;25;20.0;0;0;36.3;
29.07.2018 07:00;21.8;683.2;48;0.0;0;0;20.0;0;0;35.8;
30.07.2018 07:00;20.7;682.9;35;0.0;0;0;20.0;0;0;33.8;
31.07.2018 07:00;19.3;682.9;45;1.0;1;10;20.0;0;0;32.9;
01.08.2018 07:00;20.0;682.7;46;0.0;0;0;20.0;0;0;34.1;
02.08.2018 07:00;22.4;683.9;47;0.0;0;0;20.0;0;0;35.2;
03.08.2018 07:00;22.6;682.9;43;0.0;0;25;20.0;0;0;35.3;
04.08.2018 07:00;19.8;683.6;71;0.0;0;0;20.0;0;0;32.1;
05.08.2018 07:00;18.9;682.3;66;0.0;0;60;20.0;0;0;29.9;
06.08.2018 07:00;17.3;683.3;82;0.0;0;0;20.0;0;0;30.3;
07.08.2018 07:00;17.4;682.1;88;0.0;0;25;15.0;0;0;30.6;
08.08.2018 07:00;19.7;682.1;72;0.0;0;0;20.0;0;0;33.6;
09.08.2018 07:00;19.7;682.1;72;0.0;0;0;20.0;0;0;33.0;
10.08.2018 07:00;20.6;685.5;69;0.0;0;40;20.0;0;0;32.3;
11.08.2018 07:00;18.9;686.5;90;0.0;0;90;10.0;1.0;0;30.1;
12.08.2018 07:00;17.2;685.1;92;0.0;0;40;20.0;2.0;0;31.7;
13.08.2018 07:00;18.8;682.9;84;0.0;0;10;15.0;0;0;30.8;
14.08.2018 07:00;19.8;682.7;51;0.0;0;40;15.0;0;0;33.7;
15.08.2018 07:00;18.1;683.3;74;0.0;0;0;20.0;0;0;31.3;
16.08.2018 07:00;15.4;682.9;85;4.6;1;40;20.0;0;0;30.6;
17.08.2018 07:00;18.9;682.0;68;0.0;0;60;15.0;0;0;21.4;
18.08.2018 07:00;17.0;683.7;86;0.0;0;10;20.0;0.8;0;28.3;
19.08.2018 07:00;15.1;684.2;87;4.6;1;25;15.0;0;0;28.8;
20.08.2018 07:00;14.3;683.4;83;0.0;0;0;20.0;0;0;27.7;
21.08.2018 07:00;15.7;682.7;84;0.0;0;0;20.0;0;0;28.7;
22.08.2018 07:00;17.2;682.6;76;0.0;0;60;15.0;0;0;30.2;
23.08.2018 07:00;14.5;682.7;88;4.0;1;0;20.0;3.0;0;29.3;
24.08.2018 07:00;14.6;683.3;79;0.0;0;10;15.0;0;0;30.3;
25.08.2018 07:00;13.3;683.2;77;0.0;0;0;20.0;0;0;30.8;
26.08.2018 07:00;18.8;682.7;48;0.0;0;10;15.0;0;0;33.3;
27.08.2018 07:00;17.6;682.3;72;0.0;0;0;20.0;0;0;34.7;
28.08.2018 07:00;15.6;684.1;70;0.0;0;0;20.0;0;0;31.8;
29.08.2018 07:00;16.9;683.2;64;0.0;0;10;20.0;0;0;33.4;
30.08.2018 07:00;18.6;683.5;54;0.0;0;60;15.0;0;0;31.4;
31.08.2018 07:00;17.8;683.8;74;0.0;0;40;15.0;0.8;0;31.4;
01.09.2018 07:00;20.1;684.7;64;0.0;0;0;20.0;0;0;32.1;
02.09.2018 07:00;23.0;683.5;46;0.0;0;25;20.0;0;0;33.0;
03.09.2018 07:00;18.2;682.9;67;0.0;0;10;20.0;0;0;34.4;
04.09.2018 07:00;20.6;681.9;69;0.0;0;10;20.0;0;0;34.3;
05.09.2018 07:00;20.7;682.9;55;0.0;0;25;20.0;0;0;33.1;
06.09.2018 07:00;19.6;681.7;60;0.0;0;25;7.0;0.3;0;32.8;
07.09.2018 07:00;18.6;682.4;86;0.0;0;90;10.0;0.8;0;30.0;
08.09.2018 07:00;18.5;683.4;79;4.6;2;60;10.0;0;0;29.6;
09.09.2018 07:00;21.6;684.1;71;0.0;0;90;10.0;0;0;27.2;
10.09.2018 07:00;19.4;685.2;78;0.0;0;60;10.0;0;0;32.7;
11.09.2018 07:00;22.1;687.1;58;7.0;1;90;8.0;0.5;0;30.9;
12.09.2018 07:00;22.5;687.5;54;0.0;0;60;10.0;0.5;0;30.7;
13.09.2018 07:00;20.3;685.4;75;2.0;2;100;8.0;0.3;0;18.1;
14.09.2018 07:00;17.0;684.2;96;4.0;1;60;10.0;15.0;0;25.8;
15.09.2018 07:00;18.8;685.7;88;4.6;2;90;10.0;0;0;26.4;
16.09.2018 07:00;22.4;686.2;57;0.0;0;60;15.0;0;0;30.2;
17.09.2018 07:00;21.9;686.9;62;0.0;0;100;8.0;0;0;28.2;
18.09.2018 07:00;18.8;684.7;77;3.0;2;75;10.0;2.0;0;27.4;
19.09.2018 07:00;16.8;685.0;84;0.0;0;50;15.0;0.5;0;29.2;
20.09.2018 07:00;15.9;684.4;93;0.0;0;40;10.0;0;0;26.6;
21.09.2018 07:00;14.1;683.7;94;0.0;0;0;20.0;0;0;26.1;
22.09.2018 07:00;13.3;686.2;89;4.5;1;25;15.0;0;0;27.4;
23.09.2018 07:00;14.8;687.2;66;0.0;0;10;20.0;0;0;28.1;
24.09.2018 07:00;15.1;686.1;68;0.0;0;0;20.0;0;0;30.1;
25.09.2018 07:00;15.3;686.1;84;4.0;1;0;20.0;0;0;30.1;
26.09.2018 07:00;16.8;686.4;83;4.0;2;75;15.0;0;0;24.2;
27.09.2018 07:00;13.7;688.9;86;4.0;2;40;20.0;0;0;24.8;
28.09.2018 07:00;8.8;684.5;84;0.0;0;0;15.0;0;0;27.0;
29.09.2018 07:00;10.9;683.1;48;0.0;0;0;20.0;0;0;26.3;
30.09.2018 07:00;11.8;683.8;74;0.0;0;0;20.0;0;0;28.2;
01.10.2018 07:00;13.7;682.1;53;0.0;0;40;20.0;0;0;27.5;
02.10.2018 07:00;12.0;682.0;91;4.6;2;50;10.0;0.3;0;19.2;
03.10.2018 07:00;12.1;682.0;71;0.0;0;90;10.0;0;0;16.8;
04.10.2018 07:00;12.2;682.7;88;0.0;0;75;10.0;4.0;0;19.4;
05.10.2018 07:00;12.2;683.4;90;0.0;0;90;10.0;0.3;0;20.7;
06.10.2018 07:00;11.2;683.6;88;0.0;0;0;15.0;0;0;25.3;
07.10.2018 07:00;12.7;682.8;71;0.0;0;0;20.0;0;0;25.8;
08.10.2018 07:00;14.8;681.1;70;0.0;0;60;15.0;0;0;24.4;
09.10.2018 07:00;12.1;680.8;84;0.0;0;40;10.0;2.0;0;22.7;
10.10.2018 07:00;18.1;680.6;72;3.7;1;90;10.0;0.3;0;19.8;
11.10.2018 07:00;14.9;681.7;81;0.0;0;10;15.0;1.0;0;23.6;
12.10.2018 07:00;12.9;686.1;87;0.0;0;10;15.0;0;0;25.8;
13.10.2018 07:00;11.7;685.5;90;0.0;0;10;20.0;0;0;25.2;
14.10.2018 07:00;10.0;680.7;94;0.0;0;10;10.0;0;0;24.8;
15.10.2018 07:00;17.3;678.9;56;0.0;0;60;15.0;0;0;17.7;
16.10.2018 07:00;13.3;679.8;94;1.7;1;90;10.0;4.0;0;18.6;
17.10.2018 07:00;11.3;679.3;95;4.5;1;60;8.0;0.3;0;18.2;
18.10.2018 07:00;12.2;675.1;94;2.8;1;75;10.0;2.0;0;18.0;
19.10.2018 07:00;11.0;679.3;95;0.0;0;25;15.0;0;0;22.5;
20.10.2018 07:00;11.0;683.6;94;4.0;1;25;7.0;0;0;24.1;
21.10.2018 07:00;11.7;684.8;90;0.0;0;10;20.0;0;0;24.4;
22.10.2018 07:00;12.2;682.7;77;0.0;0;10;15.0;0;0;24.4;
23.10.2018 07:00;11.3;685.3;87;0.0;0;90;10.0;0.3;0;18.8;
24.10.2018 07:00;8.8;685.6;93;4.6;1;10;15.0;0;0;18.7;
25.10.2018 07:00;5.4;684.7;87;0.0;0;10;20.0;0;0;20.9;
26.10.2018 07:00;9.8;684.1;77;0.0;0;10;15.0;0;0;20.2;
27.10.2018 07:00;10.9;680.1;64;0.0;0;40;20.0;0;0;19.9;
28.10.2018 07:00;11.3;672.7;94;3.0;2;60;10.0;2.0;0;15.9;
29.10.2018 07:00;4.2;669.5;91;3.8;2;90;8.0;33.0;0;8.3;
30.10.2018 07:00;4.3;678.8;85;0.0;0;10;15.0;0;0;10.9;
31.10.2018 07:00;7.1;679.2;52;0.0;0;60;10.0;0;0;15.2;
01.11.2018 07:00;7.9;679.4;59;0.0;0;40;15.0;0;0;13.4;
02.11.2018 07:00;8.4;682.4;89;0.0;0;90;8.0;0.5;0;14.1;
03.11.2018 07:00;5.4;680.6;94;0.0;0;40;15.0;0.3;0;13.8;
04.11.2018 07:00;6.7;679.6;92;3.8;1;25;10.0;3.0;0;12.9;
05.11.2018 07:00;6.3;678.8;86;3.7;2;25;15.0;0;0;17.5;
06.11.2018 07:00;10.6;680.3;72;0.0;0;90;10.0;0;0;12.2;
07.11.2018 07:00;4.4;682.8;89;0.0;0;40;15.0;3.0;0;14.8;
08.11.2018 07:00;6.1;685.6;79;0.0;0;10;15.0;0;0;18.7;
09.11.2018 07:00;9.6;682.9;65;0.0;0;10;15.0;0;0;15.9;
10.11.2018 07:00;7.8;681.5;87;0.0;0;50;15.0;0.3;0;12.3;
11.11.2018 07:00;5.1;683.5;90;0.0;0;0;15.0;0;0;18.7;
12.11.2018 07:00;9.5;685.2;78;0.0;0;50;20.0;0;0;17.7;
13.11.2018 07:00;10.8;686.5;91;0.0;0;90;10.0;0;0;17.7;
14.11.2018 07:00;11.4;686.8;81;0.0;0;50;15.0;0;0;15.5;
15.11.2018 07:00;11.7;683.1;77;0.0;0;75;15.0;0;0;12.9;
16.11.2018 07:00;6.8;682.2;92;0.0;0;40;20.0;0.3;0;19.1;
17.11.2018 07:00;9.3;679.9;93;0.0;0;75;10.0;0;0;15.9;
18.11.2018 07:00;6.3;677.5;94;0.0;0;40;8.0;0;0;15.8;
19.11.2018 07:00;11.2;672.7;82;0.0;0;75;10.0;0.5;0;9.1;
20.11.2018 07:00;7.7;673.8;91;3.0;1;90;8.0;3.0;0;10.8;
21.11.2018 07:00;7.3;681.4;88;0.0;0;10;15.0;3.0;0;13.4;
22.11.2018 07:00;9.4;684.2;72;0.0;0;50;15.0;0;0;18.3;
23.11.2018 07:00;11.8;683.0;74;0.0;0;40;15.0;0;0;16.8;
24.11.2018 07:00;7.5;682.0;84;0.0;0;25;15.0;0;0;11.4;
25.11.2018 07:00;7.3;680.1;89;0.0;0;60;10.0;9.0;0;12.7;
26.11.2018 07:00;8.7;678.2;91;0.0;0;90;10.0;0;0;10.4;
27.11.2018 07:00;6.4;681.7;90;0.0;0;40;10.0;1.0;0;12.3;
28.11.2018 07:00;2.8;685.5;91;0.0;0;10;15.0;0;0;13.1;
29.11.2018 07:00;4.3;685.6;75;0.0;0;10;10.0;0;0;16.0;
30.11.2018 07:00;4.3;683.7;75;0.0;0;60;15.0;0;0;13.7;
01.12.2018 07:00;6.3;683.4;92;0.0;0;60;10.0;0;0;11.1;
02.12.2018 07:00;5.1;685.4;90;0.0;0;60;10.0;0;0;12.9;
03.12.2018 07:00;6.2;685.3;83;0.0;0;10;15.0;0;0;16.7;
04.12.2018 07:00;8.2;686.2;76;0.0;0;0;15.0;0;0;20.3;
05.12.2018 07:00;7.6;687.7;82;0.0;0;25;15.0;0;0;20.6;
06.12.2018 07:00;10.3;688.5;66;0.0;0;0;15.0;0;0;21.4;
07.12.2018 07:00;7.9;687.1;93;0.0;0;75;15.0;0;0;14.1;
08.12.2018 07:00;3.7;687.0;93;0.0;0;0;10.0;0;0;13.9;
09.12.2018 07:00;3.4;689.0;93;0.0;0;10;10.0;0;0;15.1;
10.12.2018 07:00;4.0;688.6;77;0.0;0;0;15.0;0;0;15.8;
11.12.2018 07:00;1.3;685.8;94;0.0;0;10;2.0;0;0;14.8;
12.12.2018 07:00;3.7;684.4;85;0.0;0;60;20.0;0;0;14.7;
13.12.2018 07:00;4.2;681.1;93;0.0;0;10;8.0;0;0;8.5;
14.12.2018 07:00;3.5;673.9;95;3.0;2;100;7.0;4.0;0;6.4;
15.12.2018 07:00;5.9;684.5;94;0.0;0;75;10.0;6.0;0;9.1;
16.12.2018 07:00;3.8;686.6;86;0.0;0;25;20.0;0;0;12.5;
17.12.2018 07:00;8.9;686.8;71;0.0;0;25;10.0;0;0;12.5;
18.12.2018 07:00;-0.2;690.0;94;0.0;0;25;20.0;0;0;11.1;
19.12.2018 07:00;4.3;686.9;82;0.0;0;0;20.0;0;0;13.6;
20.12.2018 07:00;4.2;686.8;89;0.0;0;40;20.0;0;0;13.0;
21.12.2018 07:00;6.2;689.8;87;0.0;0;25;20.0;0;0;12.5;
22.12.2018 07:00;2.9;691.8;93;0.0;0;10;10.0;0;0;13.7;
23.12.2018 07:00;1.9;691.3;91;0.0;0;0;20.0;0;0;15.2;
24.12.2018 07:00;4.5;690.5;72;0.0;0;40;15.0;0;0;16.0;
25.12.2018 07:00;4.7;687.7;67;0.0;0;25;20.0;0;0;17.3;
26.12.2018 07:00;2.1;689.7;93;4.0;1;50;15.0;0;0;13.1;
27.12.2018 07:00;3.4;688.3;91;0.0;0;10;10.0;0;0;12.7;
28.12.2018 07:00;2.7;687.2;93;0.0;0;25;15.0;0;0;9.3;
29.12.2018 07:00;4.7;686.8;91;5.0;1;75;10.0;0.3;0;11.6;
30.12.2018 07:00;4.7;687.5;90;0.0;0;60;8.0;0;0;9.7;
31.12.2018 07:00;2.9;688.5;95;0.0;0;75;10.0;0;0;11.3;
01.01.2019 07:00;1.3;689.4;92;0.0;0;0;10.0;0;0;11.2;
02.01.2019 07:00;1.8;688.2;95;0.0;0;10;15.0;0;0;13.9;
03.01.2019 07:00;5.3;685.6;80;0.0;0;90;8.0;0;0;10.6;
04.01.2019 07:00;1.9;687.1;93;0.0;0;75;10.0;0;0;8.8;
05.01.2019 07:00;2.0;689.3;93;0.0;0;50;10.0;0.3;0;8.8;
06.01.2019 07:00;1.1;688.0;94;0.0;0;10;10.0;0;0;13.5;
07.01.2019 07:00;0.6;687.3;66;0.0;0;0;10.0;0;0;12.7;
08.01.2019 07:00;-0.2;688.4;90;0.0;0;0;10.0;0;0;11.2;
09.01.2019 07:00;2.7;682.4;73;0.0;0;40;10.0;0;0;11.9;
10.01.2019 07:00;3.6;677.1;92;0.0;0;75;10.0;0;0;6.2;
11.01.2019 07:00;-1.8;680.2;92;0.0;0;100;8.0;0.2;0;2.6;
12.01.2019 07:00;0.4;685.1;90;0.0;0;60;10.0;5.0;1;3.4;;;;;;;;;;;
